theHunter Primal,21.48
theHunter,2.49
the static speaks my name,0.25
sZone-Online,0.98
rymdkapsel,1.10
resident evil 4 / biohazard 4,6.86
realMyst Masterpiece Edition,10.25
realMyst,0.50
rFactor 2,1.80
rFactor,2.20
planetarian ~the reverie of a little planet~,0.10
oO,0.20
liteCam Game 100 FPS Game Capture,68.00
inMomentum,0.25
ibb & obb,2.00
iO,1.00
iBomber Defense Pacific,4.47
iBomber Defense,5.55
iBomber Attack,0.40
how do you Do It?,0.27
hocus,0.10
fault milestone two sideabove,1.60
fault milestone one,5.40
eden*,2.85
bit Dungeon II,5.25
aerofly RC 7,0.20
Zuma's Revenge! - Adventure,0.95
Zuma's Revenge,45.50
Zuma Deluxe,0.50
Zotrix,0.50
Zoombinis,3.60
Zombies Monsters Robots,5.92
Zombie Zoeds,2.25
Zombie Tycoon 2 Brainhov's Revenge,2.80
Zombie Shooter 2,3.57
Zombie Panic Source,28.38
Zombie Grinder,7.80
Zombie Driver HD,1.30
Zombie Driver,1.64
Zombie Army Trilogy,4.40
Ziggurat,1.85
Zero Gear,1.70
Zeno Clash 2,4.80
Zeno Clash,1.68
Zen Bound 2,0.65
Zafehouse Diaries,3.60
Zack Zero,7.03
ZOMBI,1.90
Z,3.00
Yury,1.13
Ys VI The Ark of Napishtim,5.10
Ys The Oath in Felghana,7.47
Ys Origin,7.84
Ys I,2.77
Your Doodles Are Bugged!,0.10
You Need A Budget 4 (YNAB),14.06
You Must Build A Boat,32.00
You Have to Win the Game,0.88
Yosumin!,0.40
Yet Another Zombie Defense,1.68
Yesterday,5.60
Year Walk,1.80
YOU DON'T KNOW JACK Vol. 2,0.20
YOU DON'T KNOW JACK Vol. 1 XL,0.65
YOU DON'T KNOW JACK,2.30
Xpand Rally Xtreme,4.10
Xeodrifter,2.90
Xenonauts,14.62
Xam,0.45
XCOM Enemy Unknown,47.80
X3 Terran Conflict,8.57
X3 Reunion,24.60
X3 Albion Prelude,40.35
X2 The Threat,28.17
X-note,4.40
X-Tension,0.70
X-Plane 10 Global - 64 Bit,268.02
X-COM UFO Defense,10.67
X-COM Terror from the Deep,14.82
X-COM Interceptor,4.65
X-COM Enforcer,0.60
X-COM Apocalypse,5.08
X-Blades,2.66
X Rebirth,40.00
X Beyond the Frontier,0.93
Written in the Sky,0.80
Wrath of Athena,0.40
Worms Ultimate Mayhem,2.07
Worms Revolution,6.98
Worms Reloaded,7.43
Worms Crazy Golf,0.95
Worms Clan Wars,3.57
Worms Armageddon,3.96
Worms,0.50
Worldwide Soccer Manager 2009,295.00
World of Zoo,1.20
World of Soccer online,0.39
World of Mixed Martial Arts 3,11.40
World of Guns Gun Disassembly,4.81
World of Goo,2.25
World in Conflict Soviet Assault,5.53
World in Conflict,0.55
World War II Panzer Claws,0.25
World Basketball Manager 2010,0.20
Woody Two-Legs Attack of the Zombie Pirates,0.50
Woodle Tree Adventures,2.12
Wolfenstein The Old Blood German Edition,6.75
Wolfenstein The Old Blood,7.21
Wolfenstein The New Order German Edition,25.45
Wolfenstein The New Order,19.20
Wolfenstein 3D Spear of Destiny,0.30
Wolfenstein 3D,0.27
Wolfenstein,26.00
Wizorb,1.18
Wizardry Online,1.30
Wizardry 8,1.40
Wizardry 7 Crusaders of the Dark Savant,23.00
Without Within,0.20
Winning Post 8 2015,127.00
Wings! Remastered Edition,2.20
Wings of Prey,38.92
Windward,16.57
Windosill,0.98
Windborne,5.10
Wind of Luck Arena,6.64
Wildlife Park 3,4.00
Wildlife Park 2 - Marine World,0.10
Wildlife Park 2 - Dino World,1.80
Wildlife Park 2,15.30
Wild Warfare,2.86
Wickland,1.27
Why So Evil 2 Dystopia,5.77
Why So Evil,12.30
Who's That Flying?!,0.20
White Noise Online,4.50
Westward 3,0.20
Westward,4.20
Westerado Double Barreled,1.90
Weird Worlds Return to Infinite Space,1.10
Weather Lord The Successor's Path,3.80
Weapons Genius,1.25
Way of the Samurai 4,3.00
Waves,0.20
Waveform,2.85
Watchmen The End Is Nigh Part 2,2.80
Watchmen The End Is Nigh,0.40
Watch_Dogs,17.72
Wasteland Angel,0.33
Wasteland 2 Director's Cut,0.97
Wasteland 2,22.36
Wasteland 1 - The Original Classic,3.25
Warside,1.13
Warrior Kings Battles,23.00
Warmachine Tactics,9.30
Warlock 2 the Exiled,47.70
Warlock - Master of the Arcane,18.76
Warhammer Quest,1.65
Warhammer Online Age of Reckoning,3.00
Warhammer End Times - Vermintide,18.49
Warhammer 40000 Space Marine,15.98
Warhammer 40000 Regicide,1.85
Warhammer 40000 Kill Team,2.40
Warhammer 40000 Dawn of War II - Chaos Rising,28.72
Warhammer 40000 Dawn of War II  Retribution,72.23
Warhammer 40000 Dawn of War II,26.09
Warhammer 40000 Dawn of War - Game of the Year Edition,6.07
Warhammer 40000 Dawn of War  Winter Assault,4.35
Warhammer 40000 Dawn of War  Soulstorm,12.53
Warhammer 40000 Dawn of War  Dark Crusade,27.17
Warhammer 40000 Armageddon,10.10
Wargame Red Dragon,43.60
Wargame European Escalation,22.74
Wargame AirLand Battle,42.23
Warframe,63.86
Warface,12.62
Warehouse and Logistics Simulator,0.20
War the Game,6.50
War of the Vikings,6.00
War of the Roses Balance Beta,2.52
War of the Roses,16.56
War of the Human Tanks,2.10
War of Beach,0.25
War in a Box Paper Tanks,6.30
War for the Overworld,10.15
War Thunder,47.46
War Inc. Battlezone,3.65
Wanderlust Rebirth,3.76
Wallace & Gromit Ep 4 The Bogey Man,3.90
Wallace & Gromit Ep 3 Muzzled!,12.70
Wallace & Gromit Ep 2 The Last Resort,15.40
Wallace & Gromit Ep 1 Fright of the Bumblebees,2.48
Walkover,0.15
Waking Mars,4.14
WWE 2K15,28.92
WTFast Gamers Private Network (GPN),6.70
WRC Powerslide,4.80
WRC 5,3.25
WRC 4 FIA WORLD RALLY CHAMPIONSHIP,5.04
WORLD END ECONOMiCA episode.01,0.28
WARP,1.30
WARMODE,2.51
WAKFU,34.87
Voxelized,5.35
Vox,2.40
Volume,0.70
Volt,0.90
Volgarr the Viking,5.40
VoidExpanse,1.90
Void Destroyer,1.50
Voices from the Sea,0.87
Vlad the Impaler,4.50
Viscera Cleanup Detail Shadow Warrior,0.69
Viscera Cleanup Detail Santa's Rampage,4.56
Viscera Cleanup Detail,5.71
Virtual Villagers A New Home,4.30
Virtua Tennis 4,2.50
Viridi,3.03
Violett,0.40
Vintage Year,3.00
Vindictus,6.47
Villagers and Heroes,3.84
Viking Brothers,1.80
Viking Battle for Asgard,3.82
Vigil Blood Bitterness,0.10
Victory The Age of Racing,0.60
Victory Command,0.32
Victory At Sea,0.10
Victoria II,41.08
Victor Vran,51.75
Victim of Xen,3.25
Vessel,1.30
Vertiginous Golf,0.25
Vertical Drop Heroes HD,2.47
Verdun,10.13
Velvet Sundown,1.27
Velvet Assassin,1.75
VelocityUltra,1.30
Velocibox,0.90
Vanguard Princess,2.07
Vampire The Masquerade - Bloodlines,36.12
Valkyria Chronicles,9.89
Valiant Hearts The Great War / Soldats Inconnus  Mmoires de la Grande Guerre,4.76
Valdis Story Abyssal City,20.29
Vagante,4.50
VVVVVV,2.89
Urizen Shadows of the Cold,0.10
Uriel's Chasm,2.24
Urban Trial Freestyle,1.64
Uplink,4.68
Unturned,15.06
Unstoppable Gorg,0.80
Unreal Tournament Game of the Year Edition,26.32
Unreal Tournament 3 Black Edition,8.92
Unreal Tournament 2004,4.21
Unreal II The Awakening,0.70
Unreal Gold,1.91
Unmechanical,1.85
Universe at War Earth Assault,9.88
Universe Sandbox,5.61
Universal Combat CE,0.20
Unium,0.80
Unity of Command,0.10
Unholy Heights,0.50
Unepic,8.68
Undertale,13.89
Under the Ocean,0.60
Undead Overlord,0.80
Uncrowded,4.71
Uncharted Waters Online Gran Atlas,63.45
Uncharted Waters Online,181.00
Ultratron,2.40
Ultra Street Fighter IV,36.51
Ultionus A Tale of Petty Revenge,0.60
Ultimate Tic-Tac-Toe,2.24
Ultimate General Gettysburg,8.58
Ubersoldier II,0.85
UberStrike,2.21
UFO Extraterrestrials Gold,62.00
UFO Aftermath,6.60
UFO Afterlight,0.55
TyranoBuilder Visual Novel Studio,10.50
TypeRider,2.62
Two Worlds II Castle Defense,2.00
Two Worlds II,14.00
Two Worlds Epic Edition,7.12
Twin Sector,0.60
Turok Dinosaur Hunter,0.40
Turbo Dismount,5.93
Tryst,21.00
Trucks & Trailers,0.30
Trove,19.05
Trouble In The Manor,0.90
Tropico 5,19.46
Tropico 4,25.39
Tropico 3 Absolute Power,35.91
Tropico 3 - Steam Special Edition,14.02
Tropico,0.70
Triple Town,21.00
Trine 3 The Artifacts of Power,7.65
Trine 2,6.39
Trine,5.58
Tribes Ascend,4.93
Trials Fusion,19.61
Trials Evolution Gold Edition,15.94
Trials 2 Second Edition,2.99
Treeker The Lost Glasses,3.00
Tree of Life,16.50
Treasure Planet Battle at Procyon,0.60
Traps N' Gemstones,7.00
Trapped Dead,1.00
Transistor,5.74
Transformice,50.48
Transformers War for Cybertron,9.03
Transformers Fall of Cybertron,12.74
TransOcean The Shipping Company,7.00
Trainz Simulator 12,2.09
Train Simulator,59.51
Train Fever,19.41
Tradewinds Caravans,1.50
TrackMania Valley,29.88
TrackMania United,8.35
TrackMania Stadium,23.83
TrackMania Canyon,1.35
Toybox Turbos,2.10
Toy Soldiers War Chest,2.25
Toy Soldiers,16.19
Towtruck Simulator 2015,2.30
Towns,10.70
Town of Salem,14.42
TowerFall Ascension,10.56
Tower of Guns,1.00
Tower Wars,4.68
Total War SHOGUN 2,88.05
Total War ROME II - Emperor Edition,136.55
Total War Battles SHOGUN,3.60
Total War Battles KINGDOM,4.00
Total War ATTILA,73.74
Total Annihilation,0.33
Toribash,4.47
Torchlight II,33.78
Torchlight,22.52
Tony Hawk's Pro Skater HD,9.07
Tomb Raider Underworld,6.98
Tomb Raider The Last Revelation,2.20
Tomb Raider Legend,2.03
Tomb Raider III Adventures of Lara Croft,0.50
Tomb Raider II,1.50
Tomb Raider I,4.65
Tomb Raider Chronicles,1.70
Tomb Raider Anniversary,2.73
Tomb Raider (VI) The Angel of Darkness,1.63
Tomb Raider,15.61
Tom Clancy's Splinter Cell Double Agent,3.65
Tom Clancy's Splinter Cell Conviction,16.40
Tom Clancy's Splinter Cell Chaos Theory,1.01
Tom Clancy's Splinter Cell Blacklist,16.88
Tom Clancy's Splinter Cell,1.10
Tom Clancy's Rainbow Six Vegas 2,8.36
Tom Clancy's Rainbow Six Vegas,1.00
Tom Clancy's Rainbow Six Siege,23.11
Tom Clancy's Rainbow Six 3 Gold Edition,4.17
Tom Clancy's H.A.W.X. 2,4.04
Tom Clancy's H.A.W.X.,7.25
Tom Clancy's Ghost Recon Phantoms - NA,36.92
Tom Clancy's Ghost Recon Phantoms - EU,23.61
Tom Clancy's Ghost Recon Future Soldier,18.81
Tom Clancy's Ghost Recon Advanced Warfighter 2,0.37
Tom Clancy's Ghost Recon Advanced Warfighter,18.60
Tom Clancy's Ghost Recon,0.25
Tom Clancy's EndWar,1.73
Toki Tori 2+,2.38
Toki Tori,2.55
Tobe's Vertical Adventure,0.20
Toast Time,0.60
ToCA Race Driver 3,7.60
To the Moon,2.95
To End All Wars,10.05
Tkl Online,2.40
Titan Souls,1.70
Titan Quest Immortal Throne,18.48
Titan Quest,4.39
Titan Attacks,1.65
Tiny and Big Grandpa's Leftovers,1.71
Tiny Troopers,2.85
Tiny Bridge Ratventure,4.57
Tiny Brains,3.85
Tinboy,1.40
TimeShift,4.30
Time Mysteries Inheritance - Remastered,3.40
Time Mysteries 3 The Final Enigma,2.35
Time Mysteries 2 The Ancient Spectres,4.70
Time Gentlemen Please!,2.10
Time Clickers,15.96
Timberman,5.05
Tidalis,1.45
Ticket to Ride,7.78
Tiamat X,0.10
Thunder Wolves,1.60
Thomas Was Alone,2.24
This War of Mine,13.37
Thirty Flights of Loving,0.54
Third Eye Crime,0.50
Thinking with Time Machine,1.91
Thief Town,0.30
Thief Gold,0.61
Thief Deadly Shadows,3.55
Thief 2,1.96
Thief,9.38
They Bleed Pixels,2.28
Theme Park Studio,2.00
Theatre of War 2 Kursk 1943,0.20
Theatre of War 2 Africa 1943,1.30
Theatre of War,5.75
The Yawhg,0.30
The Wonderful End of the World,3.78
The Wolf Among Us,9.91
The Wizard's Pen,4.20
The Witcher Enhanced Edition,27.15
The Witcher Adventure Game,15.90
The Witcher 3 Wild Hunt,63.34
The Witcher 2 Assassins of Kings Enhanced Edition,19.14
The Whispered World Special Edition,2.10
The Whispered World,1.60
The Way of Life Free Edition,0.30
The Walking Dead Survival Instinct,7.30
The Walking Dead Season Two,11.27
The Walking Dead,15.46
The Void,0.82
The Vanishing of Ethan Carter Redux,0.40
The Vanishing of Ethan Carter,4.41
The Universim,0.50
The Undying Plague,4.40
The UnderGarden,0.30
The Ultimate DOOM,0.95
The Typing of The Dead Overkill,2.60
The Treasures of Montezuma 4,138.60
The Tiny Bang Story,12.47
The Testament of Sherlock Holmes,7.52
The Talos Principle,17.75
The Swindle,23.00
The Swapper,3.17
The Sun at Night,1.80
The Stomping Land,7.09
The Stanley Parable,3.06
The Stalin Subway,0.20
The Slaughtering Grounds,4.13
The Sims(TM) Medieval,14.85
The Sims(TM) 3,51.13
The Silent Age,2.20
The Showdown Effect,3.04
The Ship Tutorial,0.27
The Ship Single Player,1.15
The Ship,3.87
The Settlers Online,0.80
The Settlers 7 Paths to a Kingdom - Gold Edition,14.60
The Settlers 7 Paths to a Kingdom,23.10
The Secret of Tremendous Corporation,1.30
The Secret of Monkey Island Special Edition,4.60
The Secret World,22.42
The Samaritan Paradox,3.60
The Room,3.80
The Repopulation,32.50
The Raven - Legacy of a Master Thief,9.47
The Polynomial,0.86
The Political Machine 2016,3.60
The Political Machine,21.82
The Plan,0.46
The Path - Prologue,0.43
The Path,1.90
The Otherside,4.80
The Old Tree,0.25
The Novelist,1.48
The Nightmare Cooperative,3.00
The Night of the Rabbit,8.40
The Next BIG Thing,1.35
The Musketeers Victoria's Quest,36.00
The Movies,14.50
The Moon Sliver,0.60
The Misadventures of P.B. Winterbottom,0.93
The Mighty Quest For Epic Loot,12.39
The Mean Greens - Plastic Warfare,2.45
The Maw,7.64
The Masterplan,16.60
The Marvellous Miss Take,1.45
The Magic Circle,5.20
The Lost Crown,3.55
The Lord of the Rings War in the North,16.86
The Lord of the Rings Online,20.58
The Longest Journey,3.56
The Long Dark,10.78
The Legend of Korra,5.38
The Legend of Heroes Trails in the Sky,13.14
The Last Remnant,15.98
The Last Federation,2.00
The Lady,10.80
The LEGO Movie - Videogame,33.15
The Kings' Crusade,4.25
The Journey Down Chapter One,3.48
The Jackbox Party Pack 2,14.30
The Jackbox Party Pack,71.83
The Inner World,1.30
The Incredible Adventures of Van Helsing III,4.65
The Incredible Adventures of Van Helsing II,11.11
The Incredible Adventures of Van Helsing Final Cut,58.00
The Incredible Adventures of Van Helsing,10.69
The Impossible Game,14.40
The Howler,2.55
The Haunted Hells Reach,0.90
The Hat Man Shadow Ward,1.83
The Guild II Renaissance,7.22
The Guild II - Pirates of the European Seas,1.45
The Guild II,3.62
The Guild Gold Edition,2.33
The Graveyard,0.20
The Good Life,0.60
The Golf Club,10.45
The Gate,6.60
The Four Kings Casino and Slots,2.98
The Forgotten Ones,0.48
The Forest,13.24
The Floor is Jelly,0.80
The Flame in the Flood,0.20
The Fish Fillets 2,0.10
The Fifth Day,6.45
The Few,4.70
The Fall,1.07
The Expendabros,3.37
The Evil Within,8.55
The Escapists The Walking Dead,4.25
The Escapists,13.00
The Entente Gold,0.30
The Elder Scrolls V Skyrim,104.71
The Elder Scrolls Online Tamriel Unlimited,40.27
The Elder Scrolls IV Oblivion,29.48
The Elder Scrolls III Morrowind,19.27
The Egyptian Prophecy The Fate of Ramses,0.30
The Dreamatorium of Dr. Magnus 2,41.00
The Dream Machine,4.17
The Dig,3.04
The Detail,5.60
The Defenders The Second Wave,3.40
The Deer,1.50
The Dead Linger,4.60
The Darkness II,7.20
The Dark Eye Chains of Satinav,6.60
The Cursed Crusade,1.12
The Curious Expedition,20.00
The Culling Of The Cows,1.80
The Crew,55.00
The Collider,0.30
The Club,1.30
The Clockwork Man The Hidden World,5.20
The Clockwork Man,3.55
The Clans - Saga of the Twins,4.70
The Chronicles of Riddick Assault on Dark Athena,8.76
The Chaos Engine,1.40
The Cave,9.05
The Cat and the Coup,0.40
The Cat Lady,2.45
The Campaign Series Fall Weiss,11.30
The Bureau XCOM Declassified,8.29
The Bug Butcher,0.30
The Bridge,2.21
The Book of Unwritten Tales The Critter Chronicles,13.50
The Book of Unwritten Tales 2,13.50
The Book of Unwritten Tales,9.96
The Black Watchmen,3.80
The Binding of Isaac Rebirth,84.19
The Binding of Isaac,32.49
The Beginner's Guide,1.72
The Beast of Lycan Isle - Collector's Edition,4.00
The Basement Collection,3.38
The Bard's Tale,2.58
The Banner Saga Factions,0.15
The Banner Saga,14.99
The Ball,7.06
The Baconing,5.07
The Amazing Spider-Man 2,17.23
The Amazing Spider-Man,7.67
The Albino Hunter,7.57
The Age of Decadence,47.00
The Adventures of Tree,6.50
The Adventures of Mr. Bobley,1.73
The 7th Guest,0.25
The 39 Steps,3.30
Tetrobot and Co.,1.80
Test Drive Unlimited 2,28.87
Test Drive Ferrari Racing Legends,1.00
Teslagrad,1.67
Tesla Effect,36.00
Terrorhedron,2.13
Terraria,65.11
Terrain Test,0.20
TerraTech,14.82
Terra Incognita ~ Chapter One The Descendant,32.20
Terminator Salvation,3.70
Temper Tantrum,4.30
Teleglitch Die More Edition,1.68
Teeworlds,1.89
Teenage Mutant Ninja Turtles Out of the Shadows,5.53
Teddy Floppy Ear - The Race,3.40
Teddy Floppy Ear - Mountain Adventure,4.10
Teddy Floppy Ear - Kayaking,3.50
Team Fortress Classic,0.87
Team Fortress 2,74.76
Tea Party Simulator 2015,8.30
Taxi,1.50
Tap Tap Infinity,4.43
Tap Heroes,11.30
Tank Universal,0.43
Talismania Deluxe,1.90
Talisman Prologue,2.29
Talisman Digital Edition,16.40
Tales of Zestiria,28.44
Tales of Monkey Island Chapter 5 - Rise of the Pirate God,3.57
Tales of Monkey Island Chapter 4 - The Trial and Execution of Guybrush Threepwood,4.73
Tales of Monkey Island Chapter 3 - Lair of the Leviathan,6.10
Tales of Monkey Island Chapter 2 - The Siege of Spinner Cay,3.90
Tales of Monkey Island Chapter 1 - Launch of the Screaming Narwhal,4.22
Tales of Maj'Eyal,19.07
Tales from the Borderlands,11.55
Tales from Space Mutant Blobs Attack,1.43
Tales Runner,0.20
Takedown Red Sabre,2.87
Take On Mars,7.10
Take On Helicopters,7.51
Take Command Second Manassas,0.30
Tactical Intervention,3.47
Tabletop Simulator,11.33
TUG,0.60
TRI Of Friendship and Madness,0.20
TRAUMA,0.60
TRANSFORMERS Rise of the Dark Spark,3.00
TOXIKK,0.70
TOME Immortal Arena,12.12
TIS-100,6.35
THE KING OF FIGHTERS XIII STEAM EDITION,3.24
THE KING OF FIGHTERS 2002 UNLIMITED MATCH,7.75
THE KING OF FIGHTERS '98 ULTIMATE MATCH FINAL EDITION,0.90
TERA,20.24
TDP5 Arena 3D,0.25
TDP4Team Battle,1.60
T.E.C. 3001,1.70
System Shock 2,3.26
System Protocol One,8.50
Synergy,7.55
Symphony,1.95
Syder Arcade,2.15
Syberia 2,0.50
Syberia,2.66
Swords and Soldiers HD,2.73
Sword of the Stars The Pit,4.93
Sword of the Stars II Enhanced Edition,74.18
Sword of the Stars Complete Collection,209.55
Sword Coast Legends,21.20
Swipecart,3.15
Sweet Lily Dreams,21.00
Swarm Arena,0.40
Survivor Squad,2.27
Survivalist,13.20
Survival Postapocalypse Now,9.17
Survarium,3.90
Surgeon Simulator,4.49
Supreme Ruler Cold War,150.13
Supreme Ruler 2020 Gold,19.50
Supreme Commander Forged Alliance,84.92
Supreme Commander 2,45.41
Supreme Commander,16.35
Superfrog HD,0.83
Superbrothers Sword & Sworcery EP,1.16
SuperPower 2 Steam Edition,1.80
Super Time Force Ultra,0.53
Super Splatters,0.90
Super Sanctum TD,4.78
Super Puzzle Platformer Deluxe,5.90
Super Panda Adventures,19.20
Super Motherload,2.30
Super Monday Night Combat,16.46
Super Meat Boy,3.63
Super Killer Hornet Resurrection,3.15
Super House of Dead Ninjas,1.13
Super Hipster Lumberjack,0.40
Super Hexagon,3.27
Super Game Jam,1.20
Super Crate Box,1.60
Super Chibi Knight,3.30
Super Amazing Wagon Adventure,4.03
Super 3-D Noah's Ark,9.20
Sunrider Mask of Arcadius,3.20
Sunrider Academy,43.00
Sunless Sea,7.57
Sun Blast,2.85
Sugar Cube Bittersweet Factory,2.70
Substance Painter,0.80
Subspace Continuum,0.33
Subnautica,9.92
Submerged,2.30
Sublevel Zero,0.30
Styx Master of Shadows,4.20
Stubbs the Zombie in Rebel Without a Pulse,2.55
Stronghold Legends,4.48
Stronghold Kingdoms,100.07
Stronghold HD,4.30
Stronghold Crusader HD,7.73
Stronghold Crusader Extreme HD,7.46
Stronghold Crusader 2,30.83
Stronghold 3,9.53
Stronghold 2,8.11
Strong Bad Episode 4 Dangeresque 3,1.10
Strong Bad Episode 3 Baddest of the Bands,3.20
Strong Bad Episode 2 Strong Badia the Free,2.70
Strong Bad Episode 1 Homestar Ruiner,3.50
Strike Vector,1.24
Strike Suit Zero Director's Cut,1.10
Strike Suit Zero,1.91
Strike Suit Infinity,4.14
Strife Veteran Edition,1.30
Strife,9.20
Strider,1.79
Street Racing Syndicate,1.17
Street Fighter X Tekken,4.47
Street Fighter V Beta,2.05
Street Fighter IV,8.54
Strategic War in Europe,3.05
Stranded Deep,18.27
Stormrise,0.45
Stonerid,1.70
Stonehearth,7.30
Still Life,0.40
Stick RPG 2,1.70
Steredenn,7.80
Stellar Impact,5.70
Stellar 2D,2.55
Steel Storm Burning Retribution,0.82
Steel Ocean,3.57
SteamWorld Dig,3.26
Steam Marines,0.82
Stealth Inc 2,1.23
Stealth Bastard Deluxe,2.22
State of Decay Year-One,8.90
State of Decay,14.17
Startopia,4.75
Starseed Pilgrim,0.50
Starscape,8.90
Starpoint Gemini 2,7.47
Starlaxis Supernova Edition,7.00
Starion Tactics,4.50
Stargate Resistance,162.00
Stardust Vanguards,19.90
Starbound - Unstable,6.57
Starbound,39.32
StarMade,18.30
StarForge,5.55
StarDrive 2,32.50
StarDrive,18.00
Star Wolves 3 Civil War,8.38
Star Wolves,4.20
Star Wars The Force Unleashed Ultimate Sith Edition,5.31
Star Wars The Force Unleashed II,5.30
Star Wars The Clone Wars Republic Heroes,0.70
Star Wars Starfighter,1.49
Star Wars Republic Commando,4.13
Star Wars Knights of the Old Republic,14.97
Star Wars Jedi Knight Jedi Academy,11.64
Star Wars Jedi Knight Dark Forces II,6.97
Star Wars Empire at War Gold,11.80
Star Wars Dark Forces,3.76
Star Wars - Jedi Knight Mysteries of the Sith,7.50
Star Wars - Jedi Knight II Jedi Outcast,7.71
Star Wars - Battlefront II,10.04
Star Trek Online,70.02
Star Trek D-A-C,0.72
Star Trek,1.23
Star Traders 4X Empires,8.40
Star Ruler 2,53.20
Star Ruler,51.73
Star Crusade CCG,0.95
Star Conflict,11.79
Stacking,5.52
Squishy the Suicidal Pig,2.29
Squirreltopia,19.70
Squad,11.65
Spriter Pro,2.50
Spore Galactic Adventures,16.96
Spore Creepy & Cute Parts Pack,8.34
Spore,29.42
Spooky's House of Jump Scares,0.94
Spooky Cats,2.40
Spoiler Alert,1.10
Split/Second,3.95
Splice,0.83
Splatter - Blood Red Edition,2.90
Spirits,3.14
Spiral Knights,36.89
Spintires,26.97
Sphere III Enchanted World,2.30
Spermination,0.85
Spelunky,11.14
SpellForce Platinum Edition,11.30
SpellForce 2 Gold Edition,2.73
SpellForce 2 - Faith in Destiny,36.06
SpellForce 2 - Demons of the Past,2.20
Speedball 2 Tournament,2.43
Speedball 2 HD,4.07
SpeedRunners,13.38
Speed Kills,5.10
Spectraball,7.50
Special Forces Team X,1.00
Spec Ops The Line,15.87
Spartans Vs Zombies Defense,0.57
Sparkle 2 Evo,1.61
Spacebase DF-9,8.99
SpaceForce Rogue Universe,5.50
SpaceChem,8.55
Space Warp,0.10
Space Trader Merchant Marine,1.87
Space Siege,0.20
Space Run,4.58
Space Rangers HD A War Apart,13.12
Space Quest Collection,8.00
Space Pirates and Zombies,30.81
Space Hulk Ascension,10.15
Space Hulk,7.93
Space Hack,0.27
Space Farmers,2.42
Space Engineers,43.80
Space Empires V,1.90
Space Empires IV Deluxe,10.67
Space Colony,12.00
Space Channel 5 Part 2,1.05
Space Ace,0.85
South Park The Stick of Truth,16.81
Source Filmmaker,13.66
Soul Gambler,17.17
Sorcerer King,22.70
Sonic and SEGA All Stars Racing,0.40
Sonic Generations,21.38
Sonic CD,1.83
Sonic Adventure DX,0.92
Sonic Adventure 2,5.86
Sonic & All-Stars Racing Transformed,5.79
Song of the Myrne What Lies Beneath,1.70
Sometimes Success Requires Sacrifice,12.95
Solstice Arena,1.90
Soldier Front 2,7.27
Solar Flux,1.00
Solar 2,4.97
SolForge,3.25
Sol Survivor,4.57
Sokobond,0.70
Software Inc.,13.86
Soccer Manager 2016,2.33
Soccer Manager 2015,5.46
Snuggle Truck,0.54
Sniper Ghost Warrior 2,6.70
Sniper Ghost Warrior,13.35
Sniper Elite Zombie Army 2,0.40
Sniper Elite Zombie Army,0.80
Sniper Elite V2,10.43
Sniper Elite Nazi Zombie Army 2,4.22
Sniper Elite Nazi Zombie Army,5.24
Sniper Elite 3,21.11
Sniper Elite,26.71
Snapshot,0.40
Smooth Operators,2.50
Smashmuck Champions,1.79
Smashball,1.64
Small World 2,5.42
Slip,0.10
Slender The Arrival,2.85
Sleeping Dogs Definitive Edition,12.78
Sleeping Dogs,23.13
SlamIt Pinball Big Score,0.70
Slam Bolt Scrappers,0.65
Skyward Collapse,16.70
Skyscraper Simulator,13.60
Skyborn,3.47
SkyDrift,2.24
Sky Nations,14.60
Skulls of the Shogun,9.38
Skullgirls Endless Beta,6.70
Skullgirls,9.53
Ski Region Simulator,5.70
Skara - The Blade Remains,2.40
Sir You Are Being Hunted,2.48
Sins of a Solar Empire Trinity,15.91
Sins of a Solar Empire Rebellion,30.43
Sins of a Dark Age,2.55
Sinister City,3.32
Singularity,10.14
Sine Mora,1.67
Simply Chess,0.87
SimpleRockets,25.00
SimCity 4 Deluxe,20.68
Silverfall,2.20
Silent Storm Sentinels,7.60
Silent Hunter Wolves of the Pacific U-Boat Missions,185.00
Silent Hunter Wolves of the Pacific,172.40
Silent Hunter III,3.95
Silent Hunter 5 Battle of the Atlantic,24.60
Silent Hill Homecoming,2.67
Signal Ops,1.80
Sigils of Elohim,127.40
Sideway,0.45
Sid Meier's Starships,12.30
Sid Meier's Railroads!,9.18
Sid Meier's Pirates!,7.06
Sid Meier's Civilization V,180.18
Sid Meier's Civilization IV Warlords,11.03
Sid Meier's Civilization IV Colonization,3.31
Sid Meier's Civilization IV Beyond the Sword,161.59
Sid Meier's Civilization IV,18.74
Sid Meier's Civilization III Complete,29.67
Sid Meier's Civilization Beyond Earth,46.34
Sid Meier's Ace Patrol Pacific Skies,4.21
Sid Meier's Ace Patrol,11.00
SickBrick,0.70
SiN Episodes Emergence,1.78
SiN,0.40
Shufflepuck Cantina Deluxe VR,6.37
Showtime!,2.80
Shower With Your Dad Simulator 2015 Do You Still Shower With Your Dad,0.85
Shovel Knight,11.91
Shoppe Keep,3.58
ShootMania Storm,20.50
Shoot Many Robots,6.64
Shipwreck,4.20
Ship Simulator Maritime Search and Rescue,6.50
Ship Simulator Extremes,15.43
Shiny The Firefly,2.50
Shift 2 Unleashed,14.12
Sherlock Holmes versus Jack the Ripper,12.60
Sherlock Holmes and The Hound of The Baskervilles,2.80
Sherlock Holmes Nemesis,11.40
Sherlock Holmes Crimes and Punishments,12.50
Sheltered,13.38
Shelter 2,3.07
Shelter,2.34
Shellshock 2 Blood Trails,4.90
Shattered Union,116.00
Shattered Planet,0.60
Shattered Horizon,5.23
Shatter,2.57
Shark Attack Deathmatch 2,2.20
Shantae and the Pirate's Curse,5.12
Shantae Risky's Revenge - Director's Cut,0.30
Shank 2,4.97
Shank,2.61
Shan Gui,0.10
Shallow Space,0.60
Shadows on the Vatican - Act I Greed,2.49
Shadows of War,1.55
Shadowrun Returns,11.61
Shadowrun Hong Kong,15.18
Shadowrun Dragonfall - Director's Cut,14.08
Shadowgrounds Survivor,2.79
Shadowgrounds,5.05
Shadowgate MacVenture Series,0.85
Shadowgate,24.80
Shadow of Kingdoms,1.30
Shadow Warrior Classic Redux,1.32
Shadow Warrior Classic (1997),0.44
Shadow Warrior,6.00
Shadow Puppeteer,0.35
Shadow Man,0.30
Shadow Harvest Phantom Ops,12.35
Shad'O,0.50
Seven Kingdoms 2 HD,0.40
Servo,2.60
Serious Sam The Random Encounter,0.25
Serious Sam HD The Second Encounter,8.63
Serious Sam HD The First Encounter,3.61
Serious Sam Double D XXL,0.38
Serious Sam Classics Revolution,0.20
Serious Sam Classic The Second Encounter,1.13
Serious Sam Classic The First Encounter,3.53
Serious Sam 3 BFE,12.20
Serious Sam 2,2.92
Serena,1.00
Septerra Core,1.60
Sengoku,2.86
Seduce Me the Otome,4.10
Section 8 Prejudice,4.70
Section 8,13.57
Secrets of Rtikon,0.88
Secrets of Grindea,7.53
Secret of the Magic Crystal,1.93
Secret Ponchos,1.25
Secret Of Magia,10.90
Secret Files Tunguska,4.40
Secret Files Sam Peters,4.50
Secret Files Puritas Cordis,24.00
Second Chance Heroes,0.30
Season of Mystery  The Cherry Blossom Murders,3.95
Season Match 3 - Curse of the Witch Crow,0.30
Scribblenauts Unmasked,5.44
Scribblenauts Unlimited,8.27
Screencheat,3.78
Scratches Director's Cut,3.65
Scourge Outbreak,4.85
Scoregasm,0.20
Science Girls,0.20
Schrdinger's Cat and the Raiders of the Lost Quark,0.20
School of Dragons How to Train Your Dragon,3.62
Scarygirl,173.00
Scania Truck Driving Simulator,2.18
Saw,1.70
Saviors,3.40
Savant - Ascent,0.34
Savage Lands,3.78
Saturday Morning RPG,3.40
Satellite Reign,6.06
Sanitarium,10.40
Sang-Froid - Tales of Werewolves,4.17
Sandmason,0.10
Sanctum 2,5.74
Sanctum,3.44
SanctuaryRPG Black Edition,0.90
Samorost 2,0.40
Samantha Swift and the Golden Touch,0.20
Sam & Max 305 The City that Dares not Sleep,2.80
Sam & Max 304 Beyond the Alley of the Dolls,3.00
Sam & Max 303 They Stole Max's Brain!,2.90
Sam & Max 302 The Tomb of Sammun-Mak,3.20
Sam & Max 301 The Penal Zone,0.85
Sam & Max 205 What's New Beelzebub?,6.10
Sam & Max 202 Moai Better Blues,8.10
Sam & Max 201 Ice Station Santa,3.70
Sam & Max 106 Bright Side of the Moon,4.70
Sam & Max 105 Reality 2.0,2.75
Sam & Max 104 Abe Lincoln Must Die!,1.99
Sam & Max 103 The Mole the Mob and the Meatball,1.75
Sam & Max 102 Situation Comedy,1.66
Sam & Max 101 Culture Shock,3.00
Salvation Prophecy,6.70
Salt,12.60
Sakura Swim Club,2.20
Sakura Spirit,2.97
Sakura Clicker,36.83
Sakura Angels,0.95
Saira,0.45
Saints Row The Third - Initiation Station,0.20
Saints Row The Third,25.15
Saints Row IV Inauguration Station,1.01
Saints Row IV,19.87
Saints Row Gat out of Hell,8.95
Saints Row 2,27.11
Sacred Gold,1.93
Sacred Citadel,8.80
Sacred 3,26.08
Sacred 2 Gold,2.03
SUPER DISTRO,5.40
STORM Frontline Nation,149.48
STARWHAL,2.90
STAR WARS X-Wing vs. TIE Fighter,8.10
STAR WARS X-Wing Alliance,1.25
STAR WARS Knights of the Old Republic II The Sith Lords,21.16
SPACECOM,6.40
SONIC THE HEDGEHOG 4 Episode II,5.65
SONIC THE HEDGEHOG 4 Episode I,0.60
SOMA,10.81
SNOW,3.63
SMITE,7.83
SEGA Genesis & Mega Drive Classics,5.08
SEGA Bass Fishing,0.25
SCHAR Blue Shield Alliance,1.90
SC2VN - The eSports Visual Novel,2.00
SAMURAI WARRIORS 4-II,2.20
S.T.A.L.K.E.R. Shadow of Chernobyl,13.91
S.T.A.L.K.E.R. Clear Sky,19.47
S.T.A.L.K.E.R. Call of Pripyat,19.50
S.K.I.L.L. - Special Force 2,5.54
Ryse Son of Rome,10.41
Rusty Hearts,34.68
Rustbucket Rumble,0.40
Rust,73.79
Rush Bros,1.18
Running Shadow,0.24
Runestone Keeper,38.20
Runespell Overture,1.30
Runers,50.00
Rune Classic,6.20
Runaway A Twist of Fate,0.20
Runaway A Road Adventure,3.90
Run and Fire,1.59
Rulers of Nations,53.00
Rugby League Team Manager 2015,10.25
Rugby Challenge 2,5.40
Royal Quest,9.37
Royal Defense,1.70
Rotieer,7.20
Rooms The Unsolvable Puzzle,78.00
Roogoo,0.15
Rome Total War - Alexander,10.04
Rome Total War,38.65
Romance of the Three Kingdoms Maker,0.30
RollerCoaster Tycoon Deluxe,13.21
RollerCoaster Tycoon 3 Platinum!,18.80
RollerCoaster Tycoon 2 Triple Thrill Pack,9.86
RollerCoaster Tycoon,1.40
Roguelands,7.20
Rogue's Tale,0.30
Rogue Warrior,1.50
Rogue Trooper,5.30
Rogue Shooter The FPS Roguelike,9.30
Rogue Legacy,13.76
Rodina,1.12
Rocksmith 2014,69.26
Rocksmith,12.69
Rocketbirds Hardboiled Chicken,1.98
Rocket League,52.53
Rock of Ages,2.04
Rochard,2.32
Robotex,5.15
Robot Roller-Derby Disco Dodgeball,4.27
Robot Rescue Revolution,5.60
Robocraft,22.35
RoboBlitz,0.30
Robin Hood,39.00
Road Redemption,5.38
Road Not Taken,2.90
Riven,1.20
Rivals of Aether,6.20
Risk of Rain,11.05
Rising World,6.25
Rising Storm/Red Orchestra 2 Multiplayer,45.48
Rising Angels Reborn,5.90
Risen 3 - Titan Lords,13.62
Risen 2 - Dark Waters,19.66
Risen,13.47
Rise of the Triad,2.10
Rise of the Argonauts,0.40
Rise of Venice,4.42
Rise of Nations Extended Edition,9.22
Rise of Incarnates,0.93
Rise of Flight United,1.08
Ring Runner Flight of the Sages,0.60
Rigonauts,1.80
Rig 'n' Roll,0.70
Riding Star,2.70
Ride! Carnival Tycoon,0.30
Ricochet,1.01
Rhythm Zone,0.30
Rhythm Destruction,1.40
Rexaura,0.10
Revolution Ace,1.63
Reversion - The Escape,1.57
Reversi,5.10
Reverse Crawl,0.40
Revenge of the Titans,3.35
Revelations 2012,1.60
Reveal The Deep,0.40
Reus,4.31
Return to Mysterious Island 2,5.90
Return to Castle Wolfenstein,28.41
Retrovirus,3.30
Retro/Grade,0.95
Retro-Pixel Castles,2.70
Retro City Rampage DX,1.68
Retention,1.90
Restaurant Empire II,23.60
Residue Final Cut,2.80
Resident Evil Revelations 2 / Biohazard Revelations 2,9.79
Resident Evil Revelations / Biohazard Revelations,6.26
Resident Evil Operation Raccoon City,2.00
Resident Evil 6 / Biohazard 6,21.56
Resident Evil 5 / Biohazard 5,8.86
Resident Evil / biohazard HD REMASTER,8.09
Rescue Team 5,0.80
Rescue Everyday Heroes,3.70
Requiem,1.23
Republique,3.65
Reprisal Universe,5.55
Renowned Explorers International Society,25.50
Renegade Ops,4.30
Remnants Of Isolation,2.05
Remember Me,5.98
Relic Hunters Zero,4.02
Reign Of Kings,37.21
Redshirt,5.30
Red Stone Online,0.30
Red Orchestra Ostfront 41-45,26.35
Red Orchestra 2 Heroes of Stalingrad - Single Player,2.55
Red Faction II,4.47
Red Faction Guerrilla Steam Edition,9.54
Red Faction Armageddon,5.75
Red Faction,2.01
Red Crucible Firestorm,2.58
Red Bull X-Fighters,1.20
Recettear An Item Shop's Tale,13.46
Receiver,3.14
Rebuild 3 Gangs of Deadsville,8.40
Rebel Galaxy,10.98
Reassembly,13.07
Reaper - Tale of a Pale Swordsman,2.60
Realms of the Haunting,0.10
Realms of Arkania 3 - Shadows over Riva Classic,1.20
Realm of the Mad God,10.57
Really Big Sky,1.50
Real World Racing,1.80
Real Warfare,0.10
Real Horror Stories Ultimate Edition,0.45
Real Boxing,1.65
Reach for the Sun,3.00
Razor2 Hidden Skies,0.40
Rayman Origins,12.06
Rayman Legends,21.09
Ravensword Shadowlands,0.80
Ravaged Zombie Apocalypse,1.27
Randal's Monday,2.40
Rampage Knights,18.87
Rake,1.35
Railroad Tycoon 3,3.52
Railroad Tycoon 2 Platinum,18.62
Railroad Pioneer,11.30
RaiderZ,2.67
Raiden Legacy,0.50
Ragnarok Online 2,52.67
Ragnarok,1.28
Rag Doll Kung Fu,0.48
Racer 8,2.31
RaceRoom Racing Experience,6.55
Race The WTCC Game,2.68
Race The Sun,3.23
Rabbit Hole 3D Steam Edition,3.15
RWBY Grimm Eclipse,1.57
RUSH,2.71
RUNNING WITH RIFLES,9.80
RPG Tycoon,2.10
RPG Maker XP,14.70
RPG Maker VX Ace,18.49
RPG Maker MV,55.00
RPG Maker 2003,52.40
RPG Maker 2000,9.80
RPG MO,2.86
RONIN,0.60
ROCKETSROCKETSROCKETS,0.95
RISK Factions,2.82
RIP 3 The Last Hero,0.20
RIFT,41.51
RIDE Game,21.60
RESCUE 2,4.20
RECYCLE,0.60
RAW - Realms of Ancient War,2.04
RAGE,18.30
RADical ROACH Deluxe Edition,2.50
RACE Caterham Expansion,0.30
RACE 07,9.07
R.U.S.E,34.31
R.O.O.T.S,0.30
R.B.I. Baseball 15,21.00
Qvadriga,22.00
Quintet,0.53
QuestRun,7.48
Quest of Dungeons,2.90
Quarries of Scred,0.10
Quantum of Solace,12.20
Quantum Rush Online,0.75
Quantum Conundrum,5.32
QuantZ,0.53
Quake Mission Pack 2 Dissolution of Eternity,0.10
Quake Mission Pack 1 Scourge of Armagon,0.20
Quake Live,3.66
Quake III Team Arena,0.65
Quake III Arena,2.93
Quake II,2.50
Quake 4,1.50
Quake,3.19
Q.U.B.E.,3.13
Q.U.B.E Director's Cut,3.88
Pyroblazer,0.20
Pyramid Raid,0.30
Puzzler World 2,19.10
Puzzle Quest Galactrix,6.60
Puzzle Quest 2,1.40
Puzzle Quest,36.86
Puzzle Pirates,21.10
Puzzle Dimension,5.80
Puzzle Chronicles,0.90
Puzzle Bots,0.30
Puzzle Agent 2,2.67
Puzzle Agent,3.92
Putt-Putt and Pep's Balloon-o-Rama,0.50
Putt-Putt Travels Through Time,1.30
Putt-Putt Saves the Zoo,0.60
Putt-Putt Joins the Circus,1.30
Puddle,1.25
Psychonauts Demo,0.20
Psychonauts,5.16
Psycho Starship Rampage,0.40
Prototype,17.41
ProtoGalaxy,0.30
Proteus,0.45
Project Zomboid,11.74
Project Snowblind,0.55
Project Explore,3.40
Project CARS,14.13
Project AURA,3.50
Professional Farmer 2014,4.66
Probably Archery,0.30
Pro Rugby Manager 2015,3.80
Pro Evolution Soccer 2016,54.67
Pro Evolution Soccer 2015,208.38
Pro Evolution Soccer 2014,59.63
Pro Evolution Soccer 2013,5.60
Pro Cycling Manager Season 2009,1.10
Pro Cycling Manager 2015,27.57
Pro Cycling Manager 2014,177.50
Pro Cycling Manager 2013,107.67
Prison Tycoon 3 Lockdown,1.70
Prison Architect,26.80
Prince of Persia Warrior Within,8.37
Prince of Persia The Two Thrones,7.50
Prince of Persia The Sands of Time,2.57
Prince of Persia The Forgotten Sands,13.69
Prince of Persia,1.40
Primordia,3.87
Prime World Defenders,6.00
Prime World,169.04
Primal Carnage Extinction,58.44
Primal Carnage,24.46
Pride of Nations,5.30
Prey,3.92
Pretty Girls Mahjong Solitaire,0.20
Pressured,2.30
Pressure,3.00
Pre-Civilization Marble Age,4.80
Praetorians,0.15
Pox Nora,4.95
Power-Up,1.40
Pound of Ground,0.80
Potatoman Seeks the Troof,1.00
Postal 3,2.40
Post Mortem,2.10
Post Master,1.30
Post Apocalyptic Mayhem,4.10
Portal of Evil Stolen Runes Collector's Edition,5.10
Portal Stories Mel,5.36
Portal 2 - The Final Hours,1.04
Portal 2,20.13
Portal,5.47
Port of Call,0.65
Port Royale 3,16.31
Port Royale 2,43.95
Pool Nation FX,0.73
Pool Nation,3.52
Pongo,14.80
Poly Bridge,5.38
Polarity,5.56
Poker Night at the Inventory,5.81
Poker Night 2,5.11
Point Perfect,14.00
Plug & Play,0.23
Please Dont Touch Anything,1.15
Platypus II,4.73
Platypus,3.05
Plants vs. Zombies Game of the Year,43.35
Planets Under Attack,14.30
Planetbase,4.14
Planetary Annihilation TITANS,9.65
Planetary Annihilation,11.96
PlanetSide 2,29.71
Planet of the Eyes,1.70
Planet Explorers,15.70
Plain Sight,3.03
Plague Inc Evolved,10.26
PixelJunk Shooter Ultimate,2.40
PixelJunk Shooter,3.18
PixelJunk Monsters Ultimate,2.76
PixelJunk Eden,1.09
Pixel Space,0.70
Pixel Puzzles UndeadZ,1.90
Pixel Puzzles Japan,4.91
Pixel Piracy,6.19
Pirates of Black Cove Gold,0.47
Pirates of Black Cove,15.95
Pirates Vikings & Knights II,8.69
Pink Hour,0.40
Pink Heaven,0.27
Pineview Drive,2.10
Pinball FX2,15.97
Pinball Arcade,0.88
Pillars of Eternity,37.15
Piercing Blow,2.49
Pid,1.69
Phoenix Force,2.40
Phantom Breaker Battle Grounds,10.93
Petz Horsez 2,17.00
Perpetuum,400.98
Penumbra Requiem,1.02
Penumbra Overture,2.15
Penumbra Black Plague,4.96
Penny Arcade's On the Rain-Slick Precipice of Darkness 4,21.90
Penny Arcade's On the Rain-Slick Precipice of Darkness 3,1.38
Penguins Arena Sedna's World,5.22
Peggle Nights,4.84
Peggle Extreme,3.12
Peggle Deluxe,4.86
Patrician IV Steam Special Edition,16.09
Patrician IV Rise of a Dynasty,24.80
Patrician III,1.45
Path of Exile,53.33
Patch testing for Chivalry,1.68
Pat & Mat,11.00
Passing Pineview Forest,0.36
Party of Sin,1.70
Party Hard,15.90
Particulars,0.40
Particula,1.55
Parkan 2,1.80
Parcel,9.20
Paranormal State Poison Spring Collector's Edition,2.85
Paranautical Activity Deluxe Atonement Edition,1.00
Papo & Yo,3.47
Papers Please,3.83
Paper Sorcerer,1.60
Panzer Tactics HD,11.40
Panzer Corps,3.10
Panzar,10.89
Pandora First Contact,11.55
Paint the Town Red,1.50
Painkiller Resurrection,0.60
Painkiller Redemption,0.68
Painkiller Recurring Evil,8.20
Painkiller Overdose,0.38
Painkiller Hell & Damnation,3.33
Painkiller Gold Edition,14.10
Painkiller Black Edition,5.57
Pacific Storm Allies,0.30
Pacific Storm,1.80
PT Boats South Gambit,0.30
PT Boats Knights of the Sea,11.30
PROTOTYPE 2,23.98
POSTAL 2,5.41
POSTAL,1.79
PC Gamer,0.30
PAYDAY The Web Series - Episode 1,0.13
PAYDAY The Heist,7.50
PAYDAY 2,50.29
PARTICLE MACE,0.98
PAC-MAN Championship Edition DX+,3.17
Overture,7.70
Overlord Raising Hell,16.20
Overlord II,11.08
Overlord,14.11
Overgrowth,6.50
Overcast - Walden and the Werewolf,3.65
Over the Dream,1.20
Over 9000 Zombies!,2.35
Outlast,5.38
Outland,2.70
Outcast 1.1,24.70
Out of the Park Baseball 16,330.40
Out of the Park Baseball 15,137.30
Out of the Park Baseball 14,103.00
Out There Somewhere,2.62
Out There  Edition,3.77
Our Darker Purpose,4.00
Osmos,1.73
Oscura Lost Light,1.30
Original War,0.30
Ori and the Blind Forest,16.03
Organic Panic,0.30
Organ Trail Director's Cut,2.39
Order of War Challenge,3.10
Order of War,4.63
Orcs Must Die! 2,12.78
Orcs Must Die!,9.14
Orborun,0.20
Orbital Gear,1.22
Operation Z,0.30
Operation Flashpoint Red River,4.47
Operation Flashpoint Dragon Rising,3.91
Oozi Earth Adventure,3.10
Only If,0.87
Onimusha 3 Demon Siege,1.10
Oniken,12.10
One Way To Die Steam Edition,0.10
One Way Heroics,3.54
One Night,0.40
One Manga Day,0.50
One Late Night Deadline,0.20
One Finger Death Punch,8.19
On the Rain-Slick Precipice of Darkness Episode Two,40.75
On the Rain-Slick Precipice of Darkness Episode One,10.72
Omerta - City of Gangsters,17.22
Omegalodon,8.80
OlliOlli,5.70
Oil Rush,2.38
Ohm Studio,0.10
Oh...Sir!,0.10
Offworld Trading Company,13.08
Offspring Fling!,2.60
Of Orcs And Men,7.23
Of Guards And Thieves,2.00
Oddworld Stranger's Wrath HD,1.92
Oddworld New 'n' Tasty,3.83
Oddworld Munch's Oddysee,0.75
Oddworld Abe's Oddysee,1.89
Oddworld Abe's Exoddus,2.71
Octodad Dadliest Catch,6.17
Oceanhorn Monster of Uncharted Seas,0.20
Obulis,2.80
Obscure 2,1.00
Obscure,7.90
Obludia,3.00
OTTTD,1.90
ORION Prelude,5.09
ONE PIECE PIRATE WARRIORS 3,1.83
OMSI 2,107.56
OCEAN CITY RACING,0.50
O.R.B.,0.70
NyxQuest,6.00
Nux,4.10
Numen Contest of Heroes,0.65
Numba Deluxe,0.40
Nuclear Throne,5.93
Nuclear Dawn,8.46
NotGTAV,1.20
Not The Robots,2.03
Nostradamus The Last Prophecy,14.40
Nosgoth,7.72
Nosferatu The Wrath of Malachi,1.65
Nom Nom Galaxy,8.00
Noir Syndrome,0.95
Nobunaga's Ambition Souzou with Power Up Kit,148.33
No Time to Explain,1.37
No Time To Explain Remastered,5.77
No More Room in Hell,5.74
Ninja Reflex Steamworks Edition,1.00
Nimbus,0.53
Nimble Writer,10.60
Nimble Quest,2.15
Nikopol Secrets of the Immortals,0.60
Nihilumbra,1.98
Nightmares from the Deep The Cursed Heart,4.63
Nightmares from the Deep 3 Davy Jones,5.90
Nightmares from the Deep 2 The Siren`s Call,5.43
Nightbanes,99.00
NightSky,0.56
NightShift Code,2.40
Night Mysteries The Amphora Prisoner,1.80
Nidhogg,3.91
NiGHTS into Dreams...,0.67
Nexus The Jupiter Incident,1.87
Nexuiz,0.50
Next Car Game Wreckfest,4.26
Next Car Game Sneak Peek 2.0,0.79
New kind of adventure,2.53
New Star Soccer 5,12.20
Neverwinter Nights 2 Platinum,43.20
Neverwinter,25.38
Nevermind,36.00
Neverending Nightmares,1.80
Never Alone (Kisima Ingitchuna),10.82
Nether,7.69
Neighbours from Hell 2,0.30
Neighbours from Hell,1.50
Need for Speed Undercover,9.68
Need for Speed SHIFT,5.07
Need for Speed Hot Pursuit,10.94
Necronomicon The Dawning of Darkness,0.30
NecroVisioN Lost Company,0.50
Navy Field 2  Conqueror of the Ocean,2.22
Naval Warfare,0.60
Naval War Arctic Circle,27.00
Natural Selection 2,25.76
Nation Red,6.69
Narco Terror,3.30
Narcissu 1st & 2nd,2.05
Napoleon Total War,73.82
Nancy Drew Warnings at Waverly Academy,5.80
Nancy Drew Tomb of the Lost Queen,7.20
Nancy Drew The White Wolf of Icicle Creek,13.30
Nancy Drew The Haunted Carousel,5.90
Nancy Drew The Deadly Device,8.30
Nancy Drew The Creature of Kapu Cave,1.60
Nancy Drew The Captive Curse,7.40
Nancy Drew Shadow at the Water's Edge,12.30
Nancy Drew Secrets can Kill,3.80
Nancy Drew Secret of the Scarlet Hand,3.50
Nancy Drew Ransom of the Seven Ships,5.40
Nancy Drew Lights Camera Curses!,2.90
Nancy Drew Last Train to Blue Moon Canyon,4.00
Nancy Drew Ghost of Thornton Hall,5.50
Nancy Drew Ghost Dogs of Moon Lake,5.10
Nancy Drew Danger on Deception Island,5.40
Nancy Drew Danger By Design,7.20
Nancy Drew Curse of Blackmoor Manor,6.70
Nancy Drew Alibi in Ashes,4.70
NaissanceE,2.70
Nail'd,0.84
NOT A HERO,8.53
NOBUNAGA'S AMBITION Sphere of Influence,55.77
NOBUNAGA'S AMBITION Kakushin with Power Up Kit,267.00
NEOTOKYO,2.23
NEO Scavenger,5.47
NEKOPARA Vol. 1,4.91
NEKOPARA Vol. 0,2.22
NEED FOR MADNESS ?,2.15
NBA 2K9,32.66
NBA 2K16,82.77
NBA 2K15,135.73
NBA 2K14,93.22
NBA 2K13,50.78
NBA 2K12,91.25
NBA 2K11,0.20
NASCAR The Game 2013,2.20
NASCAR '14,3.60
NARUTO SHIPPUDEN Ultimate Ninja STORM Revolution,15.05
NARUTO SHIPPUDEN Ultimate Ninja STORM 3 Full Burst,18.71
N.P.P.D. RUSH - The milk of Ultra violet,2.70
Mystery of Neuschwanstein,1.20
Mystery PI The Vegas Heist,9.45
Mystery P.I. The Lottery Ticket,8.55
Myst V,0.25
Myst Masterpiece Edition,2.38
My Lands,3.92
Mutant Mudds Deluxe,84.95
Music Creator 6 Touch,23.00
Mushroom 11,0.70
Murder Miners,1.52
Multiwinia,5.95
Mr. Robot,0.10
Mr. Bree+,1.50
Movie Studio 13 Platinum - Steam Powered,166.00
Mountain Crime Requital,3.80
Mountain,25.68
Mount Your Friends,4.80
Mount & Blade With Fire and Sword,33.93
Mount & Blade Warband,182.63
Mount & Blade,25.09
Motorbike,1.20
MotoGP14,48.70
MotoGP13,2.90
Mortal Online,1.35
Mortal Kombat X,68.37
Mortal Kombat Legacy II - Ep. 1 Reunited in Macau,0.20
Mortal Kombat Komplete Edition,20.37
Mortal Kombat Kollection,2.18
Morphopolis,2.33
Mordheim City of the Damned,16.80
Moonrise,1.17
Moonbase Alpha,2.22
Moon Breakers,0.53
Montague's Mount,0.40
Monster Loves You!,3.80
Monster Bash,0.20
Monopoly,4.72
Monochroma,6.00
Monkey Island 2 Special Edition,6.77
Monday Night Combat,6.97
Monaco,2.65
Modular Combat,1.07
MoW Face Off XL,1.15
MoW Face Off M,3.00
Mitsurugi Kamui Hikae,0.45
Mitos.is The Game,3.70
Mission Control NanoMech,4.10
Missing Translation,1.30
Mishap An Accidental Haunting,7.80
Miscreated,6.78
MirrorMoon EP,0.60
Mirror's Edge,4.48
Minimum,6.06
Minimon,14.80
Mini Ninjas,4.50
Mini Motor Racing EVO,2.10
Mini Metro,17.70
Minecraft Story Mode - A Telltale Games Series,6.63
Mind Path to Thalamus Enhanced Edition,4.93
Millie,15.20
Millennium - A New Hope,2.20
Mighty Gunvolt,0.50
Might & Magic X - Legacy,37.07
Might & Magic Heroes VII,91.80
Might & Magic Heroes VI,100.96
Might & Magic Heroes Online,0.86
Might & Magic Duel of Champions,104.66
Might & Magic Clash of Heroes,21.26
Midnight Mysteries Salem Witch Trials,2.00
Midnight Mysteries 4 Haunted Houdini,2.70
Midnight Mysteries 3 Devil on the Mississippi,2.15
Midnight Club II,7.13
Middle-earth Shadow of Mordor,23.96
Microsoft Flight Simulator X Steam Edition,19.42
Microsoft Flight,1.30
MicroVolts Surge,7.54
Miasmata,1.69
Metrocide,0.80
Metro Last Light Redux,8.85
Metro Last Light,13.28
Metro Conflict,4.39
Metro 2033 Redux,6.68
Metro 2033,8.95
Metaverse Construction Kit,0.17
Metal War Online Retribution,1.70
Metal Reaper Online,2.79
Metal Planet,12.70
Metal Gear Solid Legacy,0.50
Meridian New World,0.80
Merchants of Kaidan,7.55
Mercenary Kings,7.56
Mensa Academy,0.70
Men of War Vietnam,7.80
Men of War Red Tide,5.66
Men of War Condemned Heroes,8.80
Men of War Assault Squad 2,69.00
Men of War Assault Squad,62.98
Men of War,24.01
Memories of a Vagabond,3.46
Memoir '44 Online,8.10
Memento Mori 2,25.00
Melissa K. and the Heart of Gold Collector's Edition,4.70
Mega Man Legacy Collection,6.40
Medieval II Total War Kingdoms,48.49
Medieval II Total War,43.21
Medieval Engineers,3.25
Medal of Honor(TM) Single Player,4.98
Medal of Honor(TM) Multiplayer,6.25
Medal of Honor Airborne,26.33
Mechanic Escape,2.03
MechWarrior Online,5.90
McPixel,2.72
Max and the Magic Marker,1.20
Max The Curse of Brotherhood,1.30
Max Payne 3,20.88
Max Payne 2 The Fall of Max Payne,8.70
Max Payne,5.07
Max Gentlemen,0.20
Maszyny Rolnicze 2015,0.30
Master Levels for DOOM II,2.23
Mass Effect 2,44.50
Mass Effect,37.82
Marvel Puzzle Quest,211.29
Marvel Heroes 2015,29.01
Mars War Logs,4.35
Mars Colony Challenger,4.80
Marlow Briggs,0.93
Mark of the Ninja,5.97
Mare Nostrum,0.61
March of the Eagles,12.92
March of War,8.05
Marble Mayhem Fragile Ball,3.75
MapleStory,30.66
Manyland,8.10
Making History The Calm & The Storm,79.00
Make it indie!,2.60
Major Mayhem,4.27
Majesty Gold Edition,16.10
Majesty 2 Collection,22.52
Majesty 2,32.62
Mainland,6.10
Maia,11.90
Magnetic By Nature,1.40
Magicka Wizards of the Square Tablet,0.20
Magicka Wizard Wars,4.21
Magicka 2,3.93
Magicka,10.64
Magicite,14.16
Magical Diary,8.90
Magic The Gathering - Duels of the Planeswalkers 2013,16.43
Magic The Gathering - Duels of the Planeswalkers,21.30
Magic The Gathering  Tactics,6.50
Magic The Gathering  Duels of the Planeswalkers 2012,28.99
Magic Duels,12.20
Magic Barrage - Bitferno,6.60
Magic 2015,24.88
Magic 2014,27.65
Mafia II,24.94
Mafia,8.65
Maelstrom,0.50
Madballs in...Babo Invasion,1.68
Mad Max,16.95
Mad Games Tycoon,19.20
Machinarium,4.32
MacGuffin's Curse,7.75
Mabinogi,124.04
MXGP - The Official Motocross Videogame,9.45
MX vs. ATV Supercross Encore,3.90
MX vs. ATV Reflex,5.13
MURI,0.30
MURDERED SOUL SUSPECT,5.19
MLB Front Office Manager,31.97
MLB 2K12,64.57
MLB 2K11,107.00
MLB 2K10,228.00
METAL SLUG X,7.20
METAL SLUG DEFENSE,3.38
METAL SLUG 3,3.59
METAL GEAR SOLID V THE PHANTOM PAIN,71.99
METAL GEAR SOLID V GROUND ZEROES,7.23
METAL GEAR RISING REVENGEANCE,10.05
MEDIEVAL Total War - Gold Edition,12.63
MDK,1.10
MASSIVE CHALICE,8.68
M.U.D. TV,10.40
Lunch Truck Tycoon,0.80
Lunar Flight,2.58
Lumino City,7.40
Lumines,2.20
Lume,0.90
Lugaru HD,1.95
Lucius II,5.43
Lucius,4.45
Lucidity,0.40
Lucid,0.80
Lovely Planet,1.30
Love,7.70
Lost Saga North America,6.00
Lost Planet Extreme Condition - Colonies Edition,1.80
Lost Planet Extreme Condition,3.43
Lost Planet 3,10.70
Lost Planet 2,3.91
Lost Lands A Hidden Object Adventure,0.40
Lost Horizon,18.63
Lords of the Realm II,4.70
Lords of the Black Sun,2.27
Lords of Magic Special Edition,1.20
Lords Of The Fallen,14.61
Loom,1.68
Long Live The Queen,2.94
Lone Survivor The Director's Cut,0.91
London 2012 The Official Video Game of the Olympic Games,18.55
Loadout Campaign Beta,5.35
Loadout,7.91
Little Racers STREET,3.68
Little Inferno,7.53
Little Farm,1.40
Little Big Adventure 2,0.10
Lineage II,0.35
Lilly and Sasha Curse of the Immortals,4.95
Lilly Looking Through,7.50
Lili Child of Geos,0.40
Lightfish,1.20
Light of Altair,1.40
Light,2.10
Lifeless Planet,11.34
Life of Pixel,0.20
Life is Hard,3.10
Life is Feudal Your Own,28.35
Life Is Strange,13.69
Lichdom Battlemage,4.38
Leviathan Warships,2.54
Letter Quest Grimm's Journey Remastered,8.60
Letter Quest Grimm's Journey,9.50
Lethal League,2.23
Let the Cat In,0.24
Leo's Fortune,0.30
Lego Star Wars Saga,5.01
Lego Star Wars 3 The Clone Wars,7.00
Lego Harry Potter,9.18
Legends of Pegasus,8.13
Legends of Eisenwald,25.40
Legends of Aethereus,8.80
Legendary,1.00
Legend of Mysteria,2.10
Legend of Grimrock 2,6.26
Legend of Grimrock,11.71
Legend of Fae,0.30
Legend of Dungeon Masters,13.80
Legend of Dungeon,0.52
Legacy of Kain Soul Reaver 2,0.20
Legacy of Kain Soul Reaver,0.63
Left in the Dark No One on Board,2.90
Left 4 Dead 2,41.94
Left 4 Dead,42.45
Lead and Gold - Gangs of the Wild West,3.66
Layers of Fear,2.73
Last Word,6.90
Last Knight Rogue Rider Edition,0.20
Larva Mortus,0.35
Lara Croft and the Temple of Osiris,4.62
Lara Croft and the Guardian of Light,3.61
Landmark,38.80
Lamia Must Die,0.30
Lambda Wars Beta,6.59
Lakeview Cabin Collection,6.28
Labyronia RPG,4.90
La-Mulana,3.28
La Tale,7.57
LYNE,9.24
LUFTRAUSERS,2.26
LISA,11.38
LIMBO,2.91
LIGHTNING RETURNS FINAL FANTASY XIII,31.96
LEVEL 22,0.90
LEGO Worlds,6.04
LEGO The Lord of the Rings,7.95
LEGO The Hobbit,29.55
LEGO Pirates of the Caribbean The Video Game,3.50
LEGO MARVEL Super Heroes,53.48
LEGO Jurassic World,15.66
LEGO Harry Potter Years 5-7,23.50
LEGO Batman The Videogame,12.43
LEGO Batman 3 Beyond Gotham,25.28
LEGO Batman 2,14.22
LA Cops,0.20
L.A. Noire,15.70
Kyn,3.00
Kuros,2.50
Kung Fury Street Rage,0.55
Kung Fury,0.54
Kung Fu Strike The Warrior's Rise,0.94
Krosmaster Arena,1.53
Krater,6.10
Korwin The Game,1.60
Kohan Immortal Sovereigns,7.90
Kohan II Kings of War,2.30
Knock-knock,2.40
Knights of Pen and Paper +1,5.58
Knights of Honor,39.80
Knights and Merchants,2.29
Knightmare Tower,0.50
KnightShift,3.12
Kings of Kung Fu,4.60
Kings Bounty Legions,10.77
Kingdoms of Amalur Reckoning,26.26
Kingdoms Rise,0.80
Kingdoms CCG,100.40
Kingdoms,0.20
Kingdom Wars 2 Battles,1.90
Kingdom Wars,7.83
Kingdom Tales 2,5.25
Kingdom Rush,65.30
Kingdom,3.85
King's Quest,11.23
King's Bounty Warriors of the North,153.26
King's Bounty The Legend,11.91
King's Bounty Dark Side,183.00
King's Bounty Crossworlds,61.77
King's Bounty Armored Princess,14.57
King of Dragon Pass,5.40
King Arthur's Gold,3.07
King Arthur II - The Role-playing Wargame,6.19
King Arthur Collection,3.03
King Arthur - The Role-playing Wargame,4.39
Kinetic Void,2.03
Killing Floor Mod Defence Alliance 2,1.30
Killing Floor Beta,0.10
Killing Floor 2,33.23
Killing Floor,42.78
Killer is Dead,2.42
Kill The Bad Guy,0.30
Kill Fun Yeah,2.70
Kidnapped,1.50
KickBeat Steam Edition,8.98
Khet 2.0,1.90
Kerbal Space Program,59.27
Kentucky Route Zero,1.96
Kenshi,66.67
Keep Talking and Nobody Explodes,4.07
Keen Dreams,11.50
Karos Returns,2.05
Karate Master 2 Knock Down Blow,3.10
Kane & Lynch Dead Men,3.10
Kane & Lynch 2 Dog Days,4.91
Kairo,1.30
KWAAN,1.40
KHOLAT,0.95
KAMI,0.30
Just Get Through,1.60
Just Cause 3,15.30
Just Cause 2 Multiplayer Mod,7.63
Just Cause 2,18.59
Just Cause,5.55
Jurassic Park The Game,1.15
Jumpdrive,0.80
Judge Dredd Dredd vs Death,0.60
Journey of a Roach,4.05
Journey Of The Light,4.50
Jolly Rover,0.40
Joe Dever's Lone Wolf HD Remastered,14.30
Joe Danger 2 The Movie,0.95
Joe Danger,1.50
Jigoku Kisetsukan Sense of the Seasons,4.07
Jets'n'Guns Gold,1.50
Jet Set Radio,4.00
Jet Gunner,1.80
Jazzpunk,1.98
Jamestown,1.19
Jagged Alliance Online - Steam Edition,1.62
Jagged Alliance Flashback,4.35
Jagged Alliance Crossfire,0.70
Jagged Alliance 2 Gold Pack,1.60
Jagged Alliance 2 - Wildfire,6.80
Jagged Alliance - Back in Action,25.44
Jade Empire Special Edition,17.45
Jacob Jones and the Bigfoot Mystery  Episode 2,0.20
Jack Lumber,5.93
Jack Keane,2.20
Ittle Dew,1.30
It came from space and ate our brains,3.90
Island Flight Simulator,0.60
Ironclad Tactics,3.50
Ironcast,37.00
Iron Warriors T-72 Tank Command,1.20
Iron Grip Warlord,4.67
Iron Brigade,3.42
Ionball 2  Ionstorm,3.08
Invisible Inc.,9.38
Invisible Apartment,0.40
Intrusion 2,1.84
Introduction to 3D Prop Modeling and Design - Viking Armor and Weapons,0.50
Into the Dark,5.70
Into The War,0.70
Interstellar Marines,3.70
Interplanetary,2.17
International Snooker,0.40
Intergalactic Bubbles,1.53
Insurgency Modern Infantry Combat,6.11
Insurgency,15.87
Inside a Star-filled Sky,0.10
Inside The Gear,0.90
Insaniquarium! Deluxe,9.45
Insanely Twisted Shadow Planet,3.52
Insane 2,0.70
Injustice Gods Among Us Ultimate Edition,10.35
Influent,7.15
Infinity Wars - Animated Trading Card Game,6.41
Infinite Crisis,2.99
Infinifactory,21.05
Infested Planet,8.63
Infestation Survivor Stories,29.15
Infect and Destroy,0.20
Industry Giant 2,4.70
Indigo Prophecy,10.50
Indie Game The Movie,3.16
Indiana Jones and the Last Crusade,1.58
Indiana Jones and the Fate of Atlantis,2.65
Incredipede,1.55
Incoming Forces,7.80
Impossible Creatures,1.10
Impire,16.30
Imperium Romanum Gold Edition,6.22
Imperial Glory,170.00
Immune,0.20
Immortal Empire,0.45
Imagine Earth,0.50
Ikaruga,1.60
Ignite,0.20
If My Heart Had Wings,13.25
Iesabel,13.90
Ichi,4.10
Icewind Dale Enhanced Edition,26.75
Ice Age Continental Drift Arctic Games,1.40
INK,0.40
IL-2 Sturmovik Cliffs of Dover,20.91
IL-2 Sturmovik Battle of Stalingrad,15.85
IL-2 Sturmovik 1946,4.09
I-Fluid,1.20
I am Bread,4.73
I Zombie,0.48
I Have No Mouth and I Must Scream,0.80
I Am Alive,31.36
Hyperdimension Neptunia Re;Birth1,3.18
Hyper Fighters,0.10
Hylics,2.70
Hydrophobia Prophecy,8.51
Hurtworld,35.53
Huntsman - The Orphanage Halloween Edition,0.10
Hunting Unlimited 2010,3.00
Hunted The Demon's Forge,5.68
HuniePop,20.82
Humanity Asset,3.10
How to Survive,6.99
How To Survive Third Person,1.30
Hotline Miami 2 Wrong Number,10.49
Hotline Miami,5.51
Hotel Giant 2,44.00
Hotel Dash,9.00
Hostile Waters Antaeus Rising,2.77
Hospital Tycoon,1.56
Horizon Shift,1.60
Horizon,5.65
Hook,2.00
Homeworld Remastered Collection,11.05
Homefront,13.24
Homebrew - Vehicle Sandbox,0.70
Home,1.58
Holy Potatoes! A Weapon Shop?!,6.70
Hollywood Visionary,3.65
Hitogata Happa,0.20
Hitman Sniper Challenge,2.18
Hitman Contracts,0.50
Hitman Codename 47,2.05
Hitman Blood Money,3.67
Hitman Absolution,12.59
Hitman 2 Silent Assassin,3.59
Higurashi When They Cry - Ch.1 Onikakushi,13.80
Hidden Object Bundle 4 in 1,27.00
Hexcells,0.70
Heroes of a Broken Land,0.50
Heroes of SoulCraft,1.13
Heroes of Scene,6.32
Heroes of Might & Magic V Tribes of the East,83.78
Heroes of Might & Magic V Hammers of Fate,8.70
Heroes of Might & Magic V,10.19
Heroes of Might & Magic III - HD Edition,13.00
Heroes of Hellas 3 Athens,22.45
Heroes and Titans Online,0.20
Heroes Over Europe,3.20
Heroes & Generals,9.85
Hero of the Kingdom,4.57
Hero Siege,17.37
Hero Academy,39.76
Heretic Shadow of the Serpent Riders,1.07
Her Story,3.64
Hello Kitty and Sanrio Friends Racing,0.60
Hell Yeah!,2.50
Helicopter Simulator 2014 Search and Rescue,1.48
Heli Heroes,0.70
Hegemony Rome The Rise of Caesar,6.00
Hegemony Philip of Macedon,3.10
Hegemony III Clash of the Ancients,23.00
Hegemony Gold Wars of Ancient Greece,3.40
Hector Ep 2,5.00
Hector Ep 1,1.52
Heavy Fire Afghanistan,2.03
Heavy Bullets,3.40
Hearts of Iron III,57.29
Hearts of Iron II Complete,60.87
HeXen II,1.33
HeXen Beyond Heretic,0.10
Hazard Ops,5.96
Haunted Memories,0.33
Haunted House,0.20
Haunted,0.20
Haunt the House Terrortown,1.05
Hatred,1.94
Hatoful Boyfriend,6.16
Hate Plus,14.80
Harvest Massive Encounter,9.37
Hardland,1.70
Hard Truck Apocalypse Rise Of Clans / Ex Machina Meridian 113,3.20
Hard Truck Apocalypse / Ex Machina,6.60
Hard Reset,5.05
Happy Wars,3.20
Hand Of Fate,7.06
Hammerwatch,8.11
Hammerfight,2.91
Hamlet or the last game without MMORPG features shaders and product placement,5.10
Hamilton's Great Adventure,2.25
Halo Spartan Assault,2.45
Halfway,2.80
Half-Life Source,8.03
Half-Life Opposing Force,4.08
Half-Life Deathmatch Source,0.75
Half-Life Blue Shift,2.18
Half-Life 2 Update,12.31
Half-Life 2 Lost Coast,1.04
Half-Life 2 Episode Two,7.94
Half-Life 2 Episode One,5.70
Half-Life 2 Deathmatch,18.75
Half-Life 2,11.97
Half-Life,5.74
Half Minute Hero Super Mega Neo Climax Ultimate Boy,4.24
Hacknet,3.25
Hacker Evolution Duality,1.10
Hacker Evolution - Untold,1.68
Hacker Evolution,1.57
Hack Slash Loot,1.40
Hack 'n' Slash,3.40
Habitat,0.10
HOARD,4.59
HIT,0.24
HIS (Heroes In the Sky),0.86
HELLDIVERS,4.98
HAWKEN,12.88
H1Z1 Test Server,21.91
H1Z1,53.75
Gurumin A Monstrous Adventure,1.30
Gunspell Steam Edition,3.30
Gunslugs 2,1.10
Gunship!,0.50
Gunscape,0.54
Guns'N'Zombies,0.87
Guns of Icarus Online,7.32
Guns and Robots,5.44
Gunpoint,3.75
Gunman Clive,1.07
Gundemonium Recollection,0.30
GundeadliGne,0.30
Guncraft,2.48
GunZ 2 The Second Duel,7.88
GunWorld,3.60
Gun Monkeys,1.16
Gun Metal,4.45
Gumboy Crazy Features,0.40
Gumboy Crazy Adventures,0.70
Guilty Gear X2 #Reload,0.55
Guilty Gear Isuka,1.60
Guild of Dungeoneering,15.37
Guild Wars Trilogy,9.90
Guild Wars Game of the Year,15.65
Guild Wars,147.92
Guild Commander,1.10
Guardians of Orion,0.10
Guardians of Middle-earth,2.18
Guardians of Graxia,0.50
Guacamelee! Gold Edition,5.96
Grow Home,7.79
Grotesque Tactics Evil Heroes,13.10
Grotesque Tactics 2 - Dungeons and Donuts,86.00
Grimoire Manastorm,2.31
Grimm,2.71
Grimind,1.33
Grim Legends The Forsaken Bride,7.20
Grim Legends 2 Song of the Dark Swan,4.40
Grim Fandango Remastered,6.19
Grim Dawn,16.92
GridRunner Revolution,0.20
Greyfox,6.70
Grey's Anatomy The Video Game,0.50
Grey Goo,10.80
Greed Corp,4.48
Greed Black Border,0.10
Great Permutator,1.60
Gray Matter,12.60
Gravity Ghost,0.50
Gravity Badgers,14.90
Gravilon,2.58
Gratuitous Space Battles,10.17
Grand Theft Auto Vice City,4.95
Grand Theft Auto V,85.34
Grand Theft Auto San Andreas,10.44
Grand Theft Auto IV,20.74
Grand Theft Auto III,3.66
Grand Theft Auto Episodes from Liberty City,16.84
Grand Theft Auto 2,2.62
Grand Theft Auto,0.32
Grand Class Melee 2,0.70
Grand Chase,0.64
Grand Ages Rome,10.87
Grand Ages Medieval,39.60
Governor of Poker 2 Premium Edition,0.90
Gothic II Gold Edition,1.04
Gothic 3 Forsaken Gods Enhanced Edition,5.30
Gothic 3,19.94
Gothic,0.67
Gotham City Impostors Free To Play,9.34
Gotham City Impostors,6.06
Gorky 17,6.70
Goodbye Deponia,4.16
GooCubelets,1.68
Gone Home,2.03
Gomo,1.13
Golden Rush,0.67
Gold Rush! Classic,2.00
Godus,8.37
Gods Will Be Watching,1.20
God Mode,2.51
Goat Simulator,7.10
GoD Factory Wingmen,7.25
Go! Go! Nippon! ~My First Trip to Japan~,3.24
Gnomoria,25.75
Glowfish,1.60
Global Agenda - Beta,23.00
Global Agenda,36.87
Glare,95.00
Gladiators Online Death Before Dishonor,0.16
Gish,1.07
Gigantic Army,1.25
Giana Sisters Twisted Dreams - Rise of the Owlverlord,0.70
Giana Sisters Twisted Dreams,3.85
Ghostbusters The Video Game,4.94
Ghostbusters Sanctum of Slime,0.30
Ghost in the Shell Stand Alone Complex First Assault Online,3.70
Ghost Master,5.33
Ghost Encounters Deadwood - Collector's Edition,2.70
Get Off My Lawn!,4.78
GestureWorks Gameplay,2.00
Geometry Wars Retro Evolved,2.15
Geometry Wars 3 Dimensions Evolved,5.10
Geometry Dash,21.90
Genesis Rising,1.50
Genesis Online,0.52
Gems of War,41.90
Gemini Wars,1.90
Gemini Rue,3.08
GemCraft - Chasing Shadows,12.90
Gear Up,4.00
Gauntlet,9.84
Gateways,0.20
Gas Guzzlers Extreme,13.43
Garry's Mod,74.66
Gaokao.Love.100Days,8.30
Gang Beasts,13.17
Games of Glory,0.30
GamersGoMakers,26.00
GameMaker Studio,42.06
GameGuru,5.38
Game of Thrones - A Telltale Games Series,15.12
Game of Thrones,12.68
Game Tycoon 1.5,4.20
Game Dev Tycoon,12.20
Game Character Hub,0.30
Galcon Legends,2.08
Galcon Fusion,1.95
Galcon 2,1.24
Galaxy on Fire 2 Full HD,6.99
Galactic Civilizations III,48.48
Galactic Civilizations II Ultimate Edition,12.01
Galactic Civilizations I Ultimate Edition,19.37
GUN,0.40
GUILTY GEAR Xrd -SIGN-,5.67
GUILTY GEAR XX ACCENT CORE PLUS R,0.50
GTR Evolution,6.93
GTR 2 - FIA GT Racing Game,0.50
GRID Autosport,8.93
GRID 2,16.56
GRID,22.67
GRAV,14.21
GEARCRACK Arena,2.60
GASP,0.30
GALAK-Z,12.70
Fuse,1.97
Full Spectrum Warrior Ten Hammers,4.75
Full Spectrum Warrior,6.60
Full Mojo Rampage,8.13
Frozen Synapse Prime,0.93
Frozen Synapse,6.00
Frozen Hearth,1.68
Frozen Free Fall Snowball Fight,0.30
Frontlines Fuel of War,1.05
Frontline Tactics,22.57
Front Mission Evolved,8.19
From The Depths,36.50
From Dust,6.68
Fritz Chess 14,2.00
Freight Tycoon Inc.,10.90
Freedom Planet,1.82
Freedom Force vs. the 3rd Reich,32.00
Freedom Force,1.50
Freedom Fall,30.10
FreeStyle2 Street Basketball,10.15
Free to Play,2.11
Frederic Evil Strikes Back,3.00
Freddi Fish and Luther's Maze Madness,0.20
Freaking Meatbags,331.00
Frankenstein Master of Death,4.02
Franchise Hockey Manager 2014,24.67
Franchise Hockey Manager 2,11.20
Fractured Space,2.52
Fractal Make Blooms Not War,0.50
Foul Play,1.18
Fortune Summoners Secret of the Elemental Stone,28.00
FortressCraft Evolved,2.17
Fortix 2,11.20
Fortix,1.00
Forsaken World,20.20
Forsaken Uprising,2.70
Formula Fusion,0.10
Fork Parker's Holiday Profit Hike,0.40
Forge,1.25
Foreign Legion Multi Massacre,1.30
Foreign Legion Buckets of Blood,2.24
Ford Racing 3,0.50
Football Tactics,16.00
Football Superstars,17.80
Football Manager 2016 Demo,4.09
Football Manager 2016,85.06
Football Manager 2015,315.36
Football Manager 2014,391.98
Football Manager 2013,310.66
Football Manager 2012,390.45
Football Manager 2011,365.70
Football Manager 2010,375.05
Football Manager 2009,185.86
FootLOL Epic Fail League,2.53
Foosball - Street Edition,1.60
Folk Tale,5.78
Flower Shop Winter In Fairbrook,3.90
Flora's Fruit Farm,0.20
Floating Point,0.55
Flight of the Icarus,0.70
Flight Control HD,1.98
Flesh Eaters,2.40
Flatout 3,4.23
FlatOut Ultimate Carnage,12.12
FlatOut 2,2.01
FlatOut,1.09
Flashback,1.80
Five Nights at Freddy's 4,1.23
Five Nights at Freddy's 3,2.05
Five Nights at Freddy's 2,2.91
Five Nights at Freddy's,2.15
Fistful of Frags,4.13
Fist Puncher,0.30
Fishing Planet,1.90
Firefly Online Cortex,0.25
Firefighters 2014,6.45
Firefall,12.55
Fire,3.10
Finn and Jake's Epic Quest,6.00
Fingered,2.60
Fingerbones,0.30
Finding Teddy,0.50
Final Slam 2,0.10
Final Hours of Titanfall,0.10
Final Exam,1.15
Final Dusk,2.00
Final DOOM,0.63
Fight The Dragon,13.18
Fiesta Online NA,0.23
Fiesta Online,6.20
Fiends of Imprisonment,1.50
Fieldrunners 2,124.53
Fieldrunners,0.57
Fester Mudd Curse of the Gold - Episode 1,1.25
Feeding Frenzy 2 Shipwreck Showdown Deluxe,0.30
Fearless Fantasy,8.65
Fatty Maze's Adventures,6.20
Fate of the World,2.50
Fat Chicken,2.40
Fast & Furious Showdown,3.40
Farming World,2.40
Farming Simulator 2013 - Modding Tutorials,7.40
Farming Simulator 2013,66.85
Farming Simulator 2011,54.75
Farming Simulator 15,70.70
Farming Giant,31.00
Farm for your Life,9.25
Farm Machines Championships 2014,0.10
Farlight Explorers,0.50
FarSky,18.25
Far Cry 4,35.76
Far Cry 3 Blood Dragon,7.07
Far Cry 3,28.04
Far Cry 2,5.81
Far Cry,4.30
Fancy Skulls,3.10
Family Guy Back to the Multiverse,4.00
Famaze,0.35
Fallout Tactics,11.40
Fallout New Vegas,51.68
Fallout 4,64.45
Fallout 3 - Game of the Year Edition,19.66
Fallout 3,18.15
Fallout 2,10.78
Fallout,7.15
Fallen Enchantress Legendary Heroes,17.02
Fallen Enchantress,37.83
Fallen Earth,26.57
Fall of the New Age Premium Edition,4.60
Fairy Tale Mysteries The Puppet Thief Collector's Edition,2.20
Fairy Fencer F,26.05
Fairy Bloom Freesia,7.53
Fair Strike,0.70
Fahrenheit Indigo Prophecy Remastered,5.47
Faerie Solitaire,7.98
Fading Hearts,2.60
Faces of War,0.40
FaceRig,1.93
Face of Mankind,0.99
Face Noir,3.10
Fable III,33.56
Fable Anniversary,9.51
Fable - The Lost Chapters,10.99
FX Football - The Manager for Every Football Fan,2.97
FUEL,3.12
FTL Faster Than Light,18.38
FRONTIERS,0.50
FRACT OSC,0.50
FOTONICA,2.80
FORCED,2.87
FLY'N,0.55
FLOCK!,0.10
FIST OF AWESOME,1.30
FINAL FANTASY XIV A Realm Reborn,300.84
FINAL FANTASY XIII-2,12.20
FINAL FANTASY XIII,21.63
FINAL FANTASY XI,25.15
FINAL FANTASY VIII,25.75
FINAL FANTASY VII,24.00
FINAL FANTASY TYPE-0 HD,1.70
FINAL FANTASY IV,0.60
FINAL FANTASY III,16.35
FIFA Manager 11,229.00
FIFA Manager 09,411.00
FEZ,4.59
FATE Undiscovered Realms,1.20
FATE,13.20
F1 Race Stars,5.47
F1 2015,18.90
F1 2014,9.22
F1 2013,47.47
F1 2012,59.24
F1 2011,15.74
F1 2010,18.52
F.E.A.R. Perseus Mandate,5.06
F.E.A.R. Online,2.88
F.E.A.R. Extraction Point,7.70
F.E.A.R. 3,7.74
F.E.A.R. 2 Project Origin,10.39
F.E.A.R.,5.86
Expeditions Conquistador,45.88
Executive Assault,2.70
Evolve,23.13
Evolution RTS,0.43
Evoland,3.37
Evochron Mercenary,3.30
Evil Genius,16.79
Everyday Genius SquareLogic,12.20
Everlasting Summer,5.20
EverQuest Seeds of Destruction,0.30
EverQuest Secrets of Faydwer,0.40
EverQuest II,12.10
EverQuest Free-to-Play,1.02
European Ship Simulator,0.40
Europa Universalis Rome - Gold Edition,2.23
Europa Universalis IV,195.18
Europa Universalis III,67.69
Eurofighter Typhoon,0.30
Euro Truck Simulator 2,42.26
Euro Truck Simulator,1.44
Euro Fishing,0.65
Eufloria HD,9.50
Eufloria,24.58
Etherlords II,0.50
Etherium,0.30
Ether Vapor Remaster,4.50
Ether One,8.60
Ethan Meteor Hunter,0.20
Eternal Silence,0.83
Eternal Senia,1.66
Eternal Fate,1.82
Estranged Act I,3.04
Esenthel Engine,0.20
Eschalon Book 2,128.00
Eschalon Book 1,57.00
Escape Rosecliff Island,3.10
Escape Machines,2.70
Escape Goat,10.57
Escape,0.30
Eryi's Action,2.70
Eradicator,0.20
Epigenesis,1.60
Epic Cards Battle(TCG),0.10
Epic Battle Fantasy 4,30.20
Epic Arena,1.45
Environmental Station Alpha,28.00
Enigmatis The Ghosts of Maple Creek,5.05
Enigmatis 2 The Mists of Ravenwood,5.90
English Country Tune,0.20
Enforcer Police Crime Action,6.90
Enemy Territory Quake Wars,7.00
Enemy Mind,2.65
Enemy Front,11.42
Endless Space,29.38
Endless Sky,1.51
Endless Legend,33.90
Enclave,2.69
Empyrion - Galactic Survival,18.19
Empires,156.10
Empire Total War,98.27
Empire TV Tycoon,6.70
Emily is Away,0.74
Emergency 5 - Deluxe Edition,25.00
Emergency 2014,3.75
Emergency 2013,10.35
Emergency 2012,46.00
Elven Legacy,8.60
Elsword,13.62
Else Heart.Break(),2.40
Elite Dangerous Horizons,3.20
Elite Dangerous,74.42
Eleusis,0.70
Element4l,4.43
Electronic Super Joy Groove City,0.10
Electronic Super Joy,1.76
Electric Highways,0.30
Eldritch,5.53
Eldevin,23.23
Eidolon,0.20
Eets Munchies,2.38
Eets,2.64
Edna & Harvey The Breakout,2.52
Edna & Harvey Harvey's New Eyes,3.37
Edge of Space,2.57
Eden Star  Destroy - Build - Protect,5.73
Echoes+,0.82
Echo of the Wilds,0.20
Echo of Soul,17.77
Echelon,3.30
Eaten Alive,3.60
EasyAntiCheat eSports,8.81
Eastside Hockey Manager,1295.00
East India Company Privateer,0.30
East India Company Pirate Bay,5.80
East India Company Gold,2.54
East India Company,50.00
Earth Defense Force Insect Armageddon,31.97
Earth 2160,5.84
Earth 2150 Trilogy,1.95
Earth 2150 The Moon Project,8.40
Earth 2150 Lost Souls,5.30
Eador. Masters of the Broken World,35.87
EVGA PrecisionX 16,16.61
EVE Online,34.89
ENSLAVED Odyssey to the West Premium Edition,2.93
ENKI,0.30
EDGE,1.10
E.Y.E Divine Cybermancy,4.68
Dysfunctional Systems Learning to Manage Chaos,2.60
Dysan the Shapeshifter,1.40
Dynomite! Deluxe,1.90
Dynasty Warriors 8 - Empires,11.50
Dynamite Jack,0.20
Dying Light,27.66
Dwarfs!?,1.42
Dwarfs F2P,2.84
Dustoff Heli Rescue,3.90
Dustforce,4.81
Dust An Elysian Tail,7.30
Dungeons of Dredmor,28.45
Dungeons The Eye of Draconus,0.90
Dungeons 2,14.48
Dungeons & Dragons Online,26.00
Dungeons & Dragons Daggerdale,3.28
Dungeons & Dragons Chronicles of Mystara,3.90
Dungeonland,1.75
Dungeonbowl Knockout Edition,0.20
Dungeon of the Endless,9.81
Dungeon Souls,46.20
Dungeon Siege III,6.35
Dungeon Siege 2,3.76
Dungeon Siege,7.91
Dungeon Party,0.30
Dungeon Hearts,1.40
Dungeon Defenders II,11.02
Dungeon Defenders Eternity,10.63
Dungeon Defenders,34.38
Duke Nukem Forever,9.82
Duke Nukem 3D Megaton Edition,4.20
DuckTales Remastered,4.40
Duck Game,17.91
Duck Dynasty,2.40
Drunken Robot Pornography,1.60
Droplitz,0.60
Droid Assault,0.85
Driver San Francisco,5.85
Driftmoon,0.30
Dreaming Sarah,0.60
Dreamfall The Longest Journey,5.45
Dreamfall Chapters,4.78
Dream Pinball 3D,0.40
Dream Of Mirror Online,1.20
Dream,1.55
Drawn The Painted Tower,3.90
Draw a Stickman EPIC,0.87
Drakensang The River of Time,1.80
Drakensang,69.45
Dragons and Titans,3.05
Dragon's Prophet (EU),29.97
Dragon's Prophet,9.07
Dragon's Lair 2 Time Warp,1.30
Dragon's Lair,0.50
Dragon The Game,0.90
Dragon Quest Heroes,6.95
Dragon Nest Europe,51.69
Dragon Nest,31.81
Dragon Age Origins Character Creator,0.59
Dragon Age Origins - Ultimate Edition,43.26
Dragon Age Origins,60.86
Dragon Age II,74.56
Dragomon Hunter,1.58
Dracula's Legacy,2.90
Dracula Origin,1.60
Draconian Wars,1.90
Dr. Langeskov The Tiger and The Terribly Cursed Emerald A Whirlwind Heist,0.32
Downwell,1.80
Down To One,3.60
Double Dragon Neon,2.87
Double Action Boogaloo,4.83
Dota 2,202.79
Doorways The Underworld,3.67
Doorways Prelude,2.77
Door Kickers,4.88
Doodle God,6.40
Don't Starve Together Beta,13.55
Don't Starve,22.81
Don Bradman Cricket 14,89.00
Dominions 4,4.60
Dollar Dash,1.00
Dogs of War Online - Beta,2.00
Dogfight 1942,1.87
DogFighter,0.67
Dodge,2.10
Doctor Who The Eternity Clock,2.80
Doc Clock The Toasted Sandwich of Time,0.93
DmC Devil May Cry,11.93
Dizzel,2.10
Divinity Original Sin Enhanced Edition,8.86
Divinity Original Sin,35.52
Divinity II Developer's Cut,11.41
Divinity II - The Dragon Knight Saga,20.55
Divinity II - Ego Draconis,14.95
Divinity Dragon Commander Beta,3.70
Divinity Dragon Commander,8.03
Divine Souls,2.30
Divine Divinity,3.63
Divekick,5.93
Dive to the Titanic,4.70
District 187,6.37
Distant Worlds Universe,132.00
Distant Star Revenant Fleet,1.00
Distance,7.64
DisplayFusion,0.27
Disney Infinity 3.0 Play Without Limits,0.66
Disney Infinity 2.0,16.40
Dishonored (RU),17.84
Dishonored,19.60
Disciples Sacred Lands Gold,6.70
Disciples III Resurrection,5.20
Disciples III Renaissance,92.35
Disciples III Reincarnation,179.15
Disciples II Rise of the Elves,0.33
Disciples II Gallean's Return,9.56
Dirty Bomb,7.13
Dinosaur Hunt Africa Contract,0.50
Dino D-Day,2.56
DinerTown Tycoon,1.00
Diner Dash Hometown Hero,5.10
Digital Combat Simulator A-10C Warthog,0.80
DiggerOnline,2.48
Dig or Die,7.00
Diaper Dash,0.30
Diamond Dan,0.10
DiRT Showdown,5.42
DiRT Rally,10.54
DiRT 3 Complete Edition,5.19
DiRT 3,14.12
DiRT 2,10.76
DiRT,4.00
Dex,10.80
Devils Share,0.70
Devilian,7.82
Devil May Cry 4 Special Edition,7.37
Devil May Cry 4,6.37
Devil May Cry 3 Special Edition,3.71
Dev Guy,0.75
Deus Ex The Fall,2.27
Deus Ex Revision,0.25
Deus Ex Invisible War,1.85
Deus Ex Human Revolution - The Missing Link,8.89
Deus Ex Human Revolution - Director's Cut,14.39
Deus Ex Human Revolution,26.00
Deus Ex Game of the Year Edition,5.09
Dethroned!,0.23
Detective Grimoire,1.80
Destiny Warriors,2.60
Destination Sol,2.25
Desperados - Wanted Dead or Alive,5.60
Despair,5.43
Desktop Dungeons,29.30
Descent Underground,0.50
Descent 2,0.15
Descent,6.80
Depths of Peril,0.20
Depth Hunter 2 Deep Dive,10.40
Depth,9.20
Depression Quest,1.55
Deponia The Complete Journey,20.40
Deponia,6.59
Demonicon,1.75
Demon Hunter Chronicles from Beyond,3.70
Demolition Inc.,2.50
Democracy 3,5.46
Democracy 2,26.20
Demise of Nations Rome,1.50
Demigod,13.09
Dementium II HD,1.27
Delver,0.87
Delve Deeper,2.30
Delta Force Black Hawk Down - Team Sabre,69.00
Delta Force Black Hawk Down,0.60
Delta Force 2,3.30
Defy Gravity,1.38
Defiance,15.42
Defense Grid The Awakening,18.43
Defense Grid 2 A Matter of Endurance,2.30
Defense Grid 2,9.25
Defender's Quest Valley of the Forgotten,6.12
Defend Your Life,1.90
Deepworld,0.50
Decay - The Mare,5.00
Deathtrap,1.60
Deathmatch Classic,0.74
DeathSpank Thongs Of Virtue,6.03
DeathSpank,10.80
Death Skid Marks,0.30
Death Rally,5.97
Dear Esther,1.04
Deadpool,10.08
Deadly Profits,3.40
Deadly Premonition The Director's Cut,2.90
Deadly 30,2.70
Deadlings - Rotten Edition,2.50
Deadlight,2.86
Deadfall Adventures,2.70
Deadbreed,2.80
DeadCore,2.75
Dead or Alive 5 Last Round,16.30
Dead State,24.10
Dead Space 2,10.03
Dead Space,5.04
Dead Rising 3,12.30
Dead Rising 2 Off the Record,12.90
Dead Rising 2,6.08
Dead Realm,5.13
Dead Pixels,0.56
Dead Mountaineer's Hotel,0.90
Dead Island Riptide,11.95
Dead Island Epidemic,5.84
Dead Island,13.91
Dead Horde,1.05
Dead Effect,1.00
Dead Bits,2.07
Daylight,2.37
DayZ,82.58
Day of Defeat Source,29.16
Day of Defeat,14.38
Day One Garry's Incident,1.52
Dawn of Discovery - Venice,36.52
Dawn of Discovery,9.10
David.,0.20
Darwinia,2.58
Darkwind War on Wheels,0.14
Darkstone,18.60
Darkspore,25.17
Darksiders II Deathinitive Edition,2.40
Darksiders II,19.15
Darksiders,13.13
Darkout,1.00
Darkest Hour Europe '44-'45,22.80
Darkest Hour A Hearts of Iron Game,30.90
Darkest Dungeon,21.12
DarkStar One,13.97
DarkEnd,2.30
Dark Void Zero,0.20
Dark Void,0.40
Dark Souls Prepare to Die Edition,43.08
Dark Messiah of Might & Magic Single Player,7.78
Dark Messiah of Might & Magic Multi-Player,52.77
Dark Fall Lost Souls,3.00
Dark Fall 1 The Journal,0.50
Dark Echo,0.10
Dark Arcana The Carnival,1.60
Dangerous Waters,0.50
Dangerous High School Girls in Trouble!,0.55
Damned,2.49
Damnation City of Death,1.00
Damnation,0.20
Daikatana,0.45
DYNASTY WARRIORS 8 Xtreme Legends Complete Edition,20.11
DUNGEONS - The Dark Lord (Steam Special Edition),5.42
DUNGEONS - Steam Special Edition,10.36
DRAKERZ-Confrontation,1.90
DRAGON BALL XENOVERSE,39.20
DOOM II Hell on Earth,3.46
DOOM 3 Resurrection of Evil,2.72
DOOM 3 BFG Edition,16.90
DOOM 3,3.54
DLC Quest,2.82
DETOUR,1.44
DEFCON,1.73
DCS World,2.39
DCS Black Shark,4.20
DC Universe Online,30.36
DARK SOULS II Scholar of the First Sin,51.25
DARK SOULS II,87.24
DARK,6.90
D4 Dark Dreams Don't Die,0.50
D.U.S.T.,0.10
D.I.P.R.I.P. Warm Up,3.63
Cyto,3.40
Curse of Mermos,0.65
Curse The Eye of Isis,0.20
Cultures - Northland,194.00
Cubot,0.50
Cubic Castles,3.70
Cubemen 2,7.50
Cubemen,2.44
CubeGun,3.20
Cthulhu Saves the World,2.79
Crystals of Time,1.85
Crysis Wars,1.79
Crysis Warhead,8.28
Crysis 2 Maximum Edition,6.89
Crysis 2,22.34
Crysis,6.91
Crypt of the NecroDancer,22.09
Cryostasis,6.03
Cry of Fear,1.88
Crusaders of the Lost Idols,88.41
Crusaders Thy Kingdom Come,1.50
Crusader Kings II,118.69
Crusader Kings Complete,2.80
Crowntakers,0.20
Crouching Pony Hidden Dragon,0.30
Crossfire Europe,1.32
CroNix,1.38
Critter Crunch,0.20
Critical Mass,0.10
Crimzon Clover  WORLD IGNITION,1.90
Crimsonland,8.60
CrimeCraft GangWars,1.50
Cricket Revolution,19.20
Cricket Captain 2014,14.10
Creeper World 3 Arc Eternal,6.05
Creativerse,8.20
CreaVures,1.60
Crazy Taxi,0.60
Crazy Plant Shop,2.00
Crazy Machines 2,3.77
Crazy Machines,1.30
Crayon Physics Deluxe,0.47
Crawl,26.00
Crash Time II,1.54
Craft The World,52.61
Cradle,11.63
Counter-Strike Source,134.37
Counter-Strike Nexon Zombies,10.95
Counter-Strike Global Offensive,234.40
Counter-Strike Condition Zero Deleted Scenes,4.45
Counter-Strike Condition Zero,35.33
Counter-Strike,236.38
Costume Quest,4.08
Cossacks II Napoleonic Wars,1.80
Cossacks II Battle for Europe,3.05
Cossacks European Wars,3.50
Cossacks Back to War,9.88
Cossacks Art of War,33.00
Cosmophony,3.50
Cosmonautica,12.43
Cosmic Osmo,0.20
Cosmic DJ,2.30
Cortex Command,0.82
Corporate Lifestyle Simulator,0.60
Copa Petrobras de Marcas,0.41
Cook Serve Delicious!,10.09
Convoy,5.25
Controller Companion,1.20
Contrast,4.10
Contraption Maker,6.60
Containment The Zombie Puzzler,2.30
Contagion,4.08
Construction-Simulator 2015,25.70
Construct 2 Free,2.56
Constant C,1.20
Conquest of Champions,2.40
Coniclysm,0.30
Confrontation,0.60
Conflict Denied Ops,5.70
Condemned Criminal Origins,0.30
Company of Heroes Tales of Valor,13.11
Company of Heroes Opposing Fronts,16.66
Company of Heroes Europe at War,12.60
Company of Heroes 2,22.47
Company of Heroes (New Steam Version),19.50
Company of Heroes,9.84
Community College Hero Trial by Fire,8.10
Commandos Beyond the Call of Duty,0.20
Commandos Behind Enemy Lines,3.27
Commandos 3 Destination Berlin,0.50
Commandos 2 Men of Courage,3.55
Commando Jack,1.83
Commander Keen Complete Pack,1.73
Commander Conquest of the Americas Gold,0.35
Commander Conquest of the Americas,2.40
Command and Conquer Red Alert 3 - Uprising,7.25
Command and Conquer Red Alert 3,18.53
Command and Conquer 4 Tiberian Twilight,12.38
Command and Conquer 3 Tiberium Wars,9.28
Command and Conquer 3 Kane's Wrath,11.48
Combat Wings Battle of Britain,0.20
Combat Arms,18.20
Comanche 4,22.00
ComaMortuary,0.95
Color Symphony,0.26
Colonial Conquest,0.30
Collapse,1.95
Colin McRae Rally,3.30
Coin Crypt,3.20
Coil,0.30
Cogs,2.22
Cognition An Erica Reed Thriller,3.50
Coffin Dodgers,2.20
Codename Panzers - Cold War,3.15
Codename Gordon,0.39
Codename CURE,3.77
Cobi Treasure Deluxe,1.05
Clutch,1.00
Clown House (Palyao Evi),0.21
Cloudy with a Chance of Meatballs,4.90
Cloudbuilt,0.35
Cloudberry Kingdom,7.20
Cloud Chamber,22.00
Closure,3.30
Close Your Eyes,1.90
Close Combat - Gateway to Caen,1.00
Clockwork Tales Of Glass and Ink,3.60
Clockwork Empires,8.50
Clive Barker's Jericho,7.95
Clickteam Fusion 2.5,0.30
Clickr,3.00
Clicker Heroes,89.84
Clergy Splode,0.40
Clash of Puppets,2.90
Claire,1.20
Civil War II,0.20
CivCity Rome,3.00
City of Steam Arkadia,1.16
City of Heroes,7.60
City Life 2008,3.10
Cities in Motion 2,3.99
Cities in Motion,23.60
Cities XXL,16.43
Cities XL Platinum,11.20
Cities XL 2012,42.91
Cities XL 2011,10.87
Cities XL - Limited Edition,0.95
Cities XL,2.70
Cities Skylines,27.84
Citadels,0.50
Circuits,2.10
Cinders,3.15
Chuzzle Deluxe,6.30
Chronicles of a Dark Lord Episode 1 Tides of Fate Complete,4.95
Chrome Specforce,0.10
Chrome,0.30
Chroma Squad,6.70
Chris Sawyer's Locomotion,2.60
Choice of the Deathless,2.20
Choice of Robots,2.10
Choice Chamber,5.30
Chocolatier Decadence by Design,90.00
Chivalry Medieval Warfare,20.54
Chip's Challenge 2,0.60
Chip,2.14
Chime,2.63
Children of the Nile Alexandria,2.90
Children of the Nile,0.50
Child of Light,7.79
Chessmaster,1.80
Cherry Tree High I! My! Girls!,5.30
Cherry Tree High Comedy Club,3.10
Chaser,4.25
Chaos on Deponia,8.17
Chaos Heroes Online,0.33
Chaos Domain,0.17
Chantelise,0.47
Championship Manager 2010,10.70
Championship Manager 2008,0.40
Champions Online,39.35
Chainsaw Warrior Lords of the Night,3.55
Chainsaw Warrior,4.25
Chains,2.58
Cave Story+,9.88
Catmouth Island,2.60
Cat Goes Fishing,0.50
Castlevania Lords of Shadow 2,18.06
Castlevania Lords of Shadow - Ultimate Edition,5.66
Castlevania Lords of Shadow  Mirror of Fate HD,0.50
CastleStorm,5.92
CastleMiner Z,4.86
Castle of Illusion,12.40
Castle Story,10.94
Castle Never Judge a Book by its Cover,0.80
Castle In The Darkness,10.60
Castle Crashers,6.55
Castle,1.30
Caster,1.36
Castaway Paradise,6.80
Cast of the Seven Godsends,7.40
Carrier Command Gaea Mission,2.23
Carpe Diem,0.27
Carnage Racing,0.10
Carmageddon Reincarnation,5.97
Carmageddon Max Pack,2.80
Carmageddon 2 Carpocalypse Now,6.45
Caribbean!,17.30
Cargo! - The quest for gravity,7.00
Cargo Commander,2.33
Cards and Castles,0.85
Card Hunter,3.61
Card City Nights,1.40
Car Mechanic Simulator 2015,8.51
Car Mechanic Simulator 2014,2.97
Captain Forever Remix,22.00
Capsized,1.40
Canyon Capers,2.89
Cannons Lasers Rockets,0.63
Cannon Brawl,1.80
CameraBag 2,2.50
Camera Obscura,5.03
Call to Arms,25.07
Call of Tomsk-7,1.50
Call of Juarez The Cartel,6.55
Call of Juarez Gunslinger,7.26
Call of Juarez Bound in Blood,5.60
Call of Juarez,6.00
Call of Duty World at War,37.99
Call of Duty United Offensive,93.53
Call of Duty Modern Warfare 3 - Multiplayer,105.12
Call of Duty Modern Warfare 3,25.80
Call of Duty Modern Warfare 2 - Multiplayer,144.36
Call of Duty Modern Warfare 2,29.08
Call of Duty Ghosts - Multiplayer,54.35
Call of Duty Ghosts,9.12
Call of Duty Black Ops III,36.31
Call of Duty Black Ops II - Zombies,12.08
Call of Duty Black Ops II - Multiplayer,91.50
Call of Duty Black Ops II,12.57
Call of Duty Black Ops - OSX,10.60
Call of Duty Black Ops - Multiplayer OSX,31.35
Call of Duty Black Ops - Multiplayer,86.59
Call of Duty Black Ops,17.07
Call of Duty Advanced Warfare - Multiplayer,50.76
Call of Duty Advanced Warfare,10.29
Call of Duty 4 Modern Warfare,20.40
Call of Duty 2,5.19
Call of Duty,2.97
Call of Cthulhu Dark Corners of the Earth,12.20
CaesarIA,0.60
Cabelas Trophy Bucks,3.40
Cabela's Hunting Expeditions,3.50
Cabela's Dangerous Hunts 2013,0.80
Cabela's Big Game Hunter Pro Hunts,6.70
Cabela's African Adventures,0.70
CRYPTARK,0.70
CRYENGINE,0.10
CID The Dummy,4.40
CAFE 0 ~The Drowned Mermaid~,3.00
C9,0.45
Buzz Aldrin's Space Program Manager,4.50
Bus-Simulator 2012,3.20
Bus Driver,0.22
Burstfire,1.65
Burnout Paradise The Ultimate Box,5.73
Burn Zombie Burn,1.80
Burgers,8.30
Bunch Of Heroes,0.80
Bully Scholarship Edition,10.23
Bulletstorm,13.03
Bullet Heaven 2,5.30
Build-A-Lot 4,97.00
Build-A-Lot 2,5.20
Build-A-Lot,8.90
Buccaneer The Pursuit of Infamy,7.20
Brtal Legend,6.06
Brothers in Arms Road to Hill 30,8.25
Brothers in Arms Hell's Highway,5.55
Brothers - A Tale of Two Sons,2.39
Broken Sword 5 - the Serpent's Curse,14.30
Broken Sword 4 - the Angel of Death,21.00
Broken Sword 3 - the Sleeping Dragon,0.40
Broken Sword 2 - the Smoking Mirror Remastered,5.70
Broken Sword 1 - Shadow of the Templars Director's Cut,5.44
Broken Age,9.83
Broforce,26.48
Brilliant Bob,6.95
Bridge Project,1.46
Bridge It (plus),1.30
Bridge Constructor Medieval,1.70
Bridge Constructor,3.52
Brick-Force,1.23
Breezeblox,48.00
Breath of Death VII,1.01
Break Into Zatwor,1.67
Breach & Clear,1.90
Breach,4.27
Brawlhalla,7.06
Braid,2.89
Bound By Flame,12.24
Botanicula,3.08
Boson X,4.70
Boring Man - Online Tactical Stickman Combat,3.64
Borealis,1.83
Borderless Gaming,13.10
Borderlands The Pre-Sequel,37.53
Borderlands 2 RU,48.06
Borderlands 2,58.73
Borderlands,32.48
Booster Trooper,0.70
Bookworm Adventures Deluxe,18.73
BookWorm Deluxe,6.90
BookWorm Adventures Volume 2,60.25
Boo Bunny Plague,2.30
Boid,8.90
Bob Was Hungry,6.50
Bob Came in Pieces,0.57
Blur,7.14
Blue Rose,3.20
Bloons TD5,21.20
Bloody Trapland,1.41
Bloody Good Time,9.53
Bloodwood Reload,0.20
Bloodline Champions,12.10
Bloodbath Kavkaz,4.90
BloodRealm Battlegrounds,1.63
BloodRayne Betrayal,1.65
BloodRayne 2,2.90
BloodRayne,6.60
BloodLust Shadowhunter,0.30
Blood of the Werewolf,0.50
Blood of Old,3.78
Blood One Unit Whole Blood,1.17
Blood Omen 2 Legacy of Kain,1.45
Blood Knights,2.50
Blood Bowl Legendary Edition,27.61
Blood Bowl Dark Elves Edition,13.90
Blood Bowl Chaos Edition,94.02
Blood Bowl 2,41.28
Blockstorm,1.44
Blockscape,0.50
Blocks That Matter,2.21
Blockland,4.20
Block Story,15.70
Block N Load,5.63
Blob From Space,2.90
Blitzkrieg Anthology,2.83
Blitzkrieg 2 Anthology,7.27
Blender 2.76b,0.88
Bleed,2.32
Blazing Angels Squadrons of WWII,7.60
Blazing Angels 2 Secret Missions of WWII,6.27
BlazeRush,0.10
BlazBlue Continuum Shift Extend,77.93
BlazBlue Calamity Trigger,3.05
Blaster Shooter GunGuy!,1.80
Blades of Time,8.12
Blade Symphony,11.12
Blackwell Convergence,0.30
Blacklight Tango Down,0.90
Blacklight Retribution,15.57
Blackguards 2,27.83
Blackguards,19.82
Black Viper Sophia's Fate,0.20
Black Sails,1.80
Black Mirror,0.80
Black Mesa,17.16
Black Ink,79.77
Black Ice,1.10
Black Fire,1.45
Bionic Dues,1.80
Bionic Commando Rearmed,0.28
Bionic Commando,1.20
BioShock Infinite,17.40
BioShock 2,7.53
BioShock,7.62
Binary Domain,4.90
Big Pharma,9.47
Big Money! Deluxe,3.00
Big Brain Wolf,0.50
Bientt l't,0.40
Beyond Space,12.60
Beyond Good & Evil,4.73
Beyond Eyes,1.50
Beyond Divinity,0.75
Beware Planet Earth,2.20
Better Late Than DEAD,3.40
Betrayer,2.42
Besiege,13.75
Bermuda,1.90
Ben There Dan That!,1.32
Bejeweled Deluxe,1.00
Bejeweled 3,15.26
Bejeweled 2 Deluxe,0.80
Before the Echo,1.92
Bedlam,3.40
Beatbuddy Tale of the Guardians,2.43
Beat Hazard,5.64
Beasts of Prey,16.82
Beast Boxing Turbo,0.95
BeamNG.drive,6.85
Battlestations Pacific,15.32
Battlestations Midway,6.18
Battleplan American Civil War,3.10
Battlepaths,5.32
Battlegrounds of Eldhelm,0.40
Battlefield Bad Company 2,60.17
Battlefield 2,13.66
BattleSpace,0.70
BattleBlock Theater,5.90
Battle vs Chess,5.00
Battle of Empires  1914-1918,24.40
Battle for Graxia,1.27
Battle Nations,131.40
Battle Los Angeles,4.10
Battle Islands,34.87
Battle Group 2,2.60
Battle Brothers,1.50
Battle Battalions,0.28
Battle Academy 2 Eastern Front,0.10
Battle Academy,14.60
Batman Arkham Origins Blackgate - Deluxe Edition,4.77
Batman Arkham Origins,19.92
Batman Arkham Knight,15.10
Batman Arkham City GOTY,19.05
Batman Arkham City,22.60
Batman Arkham Asylum GOTY Edition,12.68
Batman Arkham Asylum,21.40
Batla,3.02
Bastion,6.09
Basement,23.23
Bardbarian,6.95
Bard's Gold,119.00
Banished,30.24
Ballpoint Universe Infinite,1.03
Ballad of Solar,10.10
Baldur's Gate II Enhanced Edition,475.26
Baldur's Gate Enhanced Edition,134.56
Bad Rats,2.25
Bad Hotel,10.00
Back to the Future Ep 5 - OUTATIME,2.77
Back to the Future Ep 4 - Double Visions,2.60
Back to the Future Ep 3 - Citizen Brown,2.70
Back to the Future Ep 2 - Get Tannen!,2.20
Back to the Future Ep 1 - It's About Time,2.30
Back to Dinosaur Island,1.53
Back to Bed,1.60
Babel Rising,0.20
BRINK,7.42
BRAINPIPE A Plunge to Unhumanity,1.87
BLOCKADE 3D,5.68
BIT.TRIP VOID,0.40
BIT.TRIP RUNNER,1.84
BIT.TRIP Presents... Runner2 Future Legend of Rhythm Alien,2.37
BIT.TRIP FATE,0.25
BIT.TRIP CORE,0.10
BIT.TRIP BEAT,1.66
BEEP,1.43
BAD END,3.80
B.U.T.T.O.N.,0.10
Azure Striker Gunvolt,5.50
Axis Game Factory's AGFPRO 3.0,2.24
Axiom Verge,7.58
Awesomenauts,22.13
Aveyond 3-2 Gates of Night,0.30
Aveyond 3-1 Lord of Twilight,1.20
Avernum Escape From the Pit,85.67
Avernum 6,80.00
Avernum 5,222.00
Avernum 4,228.00
Avadon The Black Fortress,0.33
Avadon 2 The Corruption,2.90
Automation - The Car Company Tycoon Game,6.20
Autocraft,5.10
Autobahn Police Simulator,0.95
Aura Kingdom,5.11
Aura Fate of the Ages,3.60
Auditorium,0.45
Audition Online,2.06
Audiosurf 2,15.76
Audiosurf,8.10
Atom Zombie Smasher,5.83
Atlantica Online,8.20
Astro Lords,0.15
Asteroids Outpost,0.30
Asteria,1.00
Astebreed,0.40
Assetto Corsa,15.74
Assault Android Cactus,1.45
Assassins Creed Unity,20.18
Assassins Creed Chronicles China,4.80
Assassin's Creed Syndicate,32.13
Assassin's Creed Rogue,62.00
Assassin's Creed Revelations,38.17
Assassin's Creed IV Black Flag,59.82
Assassin's Creed III,45.45
Assassin's Creed II,27.90
Assassin's Creed Freedom Cry,2.97
Assassin's Creed Brotherhood,25.04
Assassin's Creed,11.54
Ashes of the Singularity,0.70
Ascendant,5.00
Ascend Hand of Kul,5.66
Arx Fatalis,12.46
Artemis Spaceship Bridge Simulator,2.83
ArtRage Studio Pro,9.30
Arms Dealer,1.90
Armikrog,4.70
Armello,7.00
Armada 2526,0.60
Arma Tactics,1.94
Arma Combat Operations,33.07
Arma Cold War Assault,1.40
Arma 3,153.22
Arma 2 Private Military Company,0.77
Arma 2 Operation Arrowhead Beta (Obsolete),6.57
Arma 2 Operation Arrowhead,49.89
Arma 2 Free,0.53
Arma 2 DayZ Mod,2.51
Arma 2 British Armed Forces,0.23
Arma 2,5.62
Arctic Combat,6.13
ArchonClassic,1.30
Archeblade,4.36
ArcheAge,27.74
ArcaniA,5.97
Arcane Worlds,0.20
Arcadia,0.60
Aquaria,4.29
AquaNox,0.45
Aqua Kitty - Milk Mine Defender,0.30
Apotheon Arena,0.90
Apotheon,2.92
Apollo4x,3.80
Aperture Tag The Paint Gun Testing Initiative,1.80
Antisquad,16.20
Antichamber,2.79
Anoxemia,6.15
Another World,1.24
Another Perspective,0.30
Anomaly Warzone Earth Mobile Campaign,2.10
Anomaly Warzone Earth,2.09
Anomaly Korea,0.90
Anomaly 2,1.52
Anodyne,3.07
Anno Online,93.03
Anno 2205,22.00
Anno 2070,29.42
Anno 1404 Venice,16.75
Anno 1404,14.22
Anna's Quest,9.25
Anna - Extended Edition,3.58
Angvik,0.30
Angry Video Game Nerd Adventures,1.97
Angry Birds Space,2.70
Angels of Fasaria Version 2.0,9.90
Angels Fall First,5.07
And Yet It Moves,1.31
Ancient Space,27.00
Ancient Planet,2.50
Anarchy Arcade,1.38
Analogue A Hate Story,3.24
Anachronox,0.10
An Assassin in Orlandes,5.00
Ampu-Tea,0.87
Among the Sleep,1.73
Among Ripples,0.43
Amnesia The Dark Descent,5.08
Amnesia Memories,4.90
Amnesia A Machine for Pigs,4.41
American Conquest - Fight Back,0.40
American Conquest,0.30
America's Army Proving Grounds,27.00
America's Army 3,10.62
Amazing World,1.85
Amazing Princess Sarah,0.80
Amazing Adventures The Lost Tomb,3.30
Amazing Adventures Around the World,12.00
Always Sometimes Monsters,4.76
Altitude,5.45
Alter World,0.10
Alpha Protocol,3.52
Alpha Prime,0.57
Alpha Kimori Episode One,1.80
Alone in the Dark,0.40
All Zombies Must Die!,4.43
All Is Dust,1.43
Aliens vs. Predator,12.49
Aliens versus Predator Classic 2000,1.73
Aliens Colonial Marines,9.96
Alien Swarm,5.21
Alien Shooter Vengeance,4.43
Alien Shooter Revisited,0.10
Alien Rage - Unlimited,2.88
Alien Isolation,11.58
Alien Breed Impact,8.58
Alien Breed 3 Descent,9.07
Alien Breed 2 Assault,5.14
Alice Madness Returns,8.21
Alganon,0.50
Alex Hunter - Lord of the Mind,2.70
Alchemy Mysteries Prague Legends,3.98
Albino Lullaby Episode 1,1.50
Alan Wake's American Nightmare,3.44
Alan Wake,11.88
Akuatica,0.40
Akaneiro Demon Hunters,0.40
Akane the Kunoichi,1.65
Airport Simulator 2014,8.50
Airport Madness World Edition,9.00
Airline Tycoon Deluxe,0.60
Airline Tycoon 2,6.20
AirMech,12.12
AirBuccaneers,0.78
Air Conflicts Pacific Carriers,2.53
Air Conflicts - Secret Wars,1.65
Air Brawl,2.45
Aion Collectors Edition,22.00
Aion,10.35
Agricultural Simulator 2013 Steam Edition,23.20
Agricultural Simulator 2011 Extended Edition,0.10
Aggression Europe Under Fire,0.60
Age of Wonders Shadow Magic,17.90
Age of Wonders III,35.04
Age of Wonders 2,31.60
Age of Wonders,16.40
Age of Mythology Extended Edition,13.01
Age of Empires Online,83.20
Age of Empires III Complete Collection,17.13
Age of Empires II HD Edition,34.29
Age of Conan Unchained - EU version,20.53
Age of Conan Rise of the Godslayer,4.60
Age of Chivalry,16.72
Agarest Zero,10.60
Agarest Generations of War,15.69
Aftermath,5.10
Afterlife Empire,0.20
Afterfall InSanity Extended Edition,1.86
Afterfall InSanity - Dirty Arena Edition,0.45
Aerena,2.20
Aeon Command,0.43
Adventures of Shuggy,1.55
Adventures of Bertram Fiddle Episode 1 A Dreadly Business,1.70
Adventurer Manager,21.00
Adventure Time  Explore the Dungeon Because I DONT KNOW!,0.30
Adventure Park,0.90
Adventure Chronicles The Search For Lost Treasure,0.70
AdVenture Capitalist,43.03
Actual Sunlight,1.30
Action! - Gameplay Recording and Streaming,89.67
Act of Aggression,4.25
Achron,0.87
Aces Wild Manic Brawling Action!,0.35
Ace of Spades,7.34
Abyss The Wraiths of Eden,6.80
Abyss Odyssey,3.92
Absolute Drift,1.97
Absconding Zatwor,11.10
Aberoth,0.35
Abducted,0.20
Abandoned Chestnut Lodge Asylum,5.70
AaaaaAAaaaAAAaaAAAAaAAAAA!!! for the Awesome,1.13
AaAaAA!!! - A Reckless Disregard for Gravity,4.48
AZMD! Scorepocalypse,1.10
AXYOS,4.40
ARK Survival Evolved,86.03
AR-K,0.40
APOX,0.40
APB Reloaded,66.94
AKIBA'S TRIP Undead & Undressed,12.00
AION Free-to-Play,6.67
AI War Fleet Command,3.50
ACE COMBAT ASSAULT HORIZON Enhanced Edition,3.52
ACE - Arena Cyber Evolution,0.58
A.V.A - Alliance of Valiant Arms,4.04
A.R.E.S. Extinction Agenda EX,9.60
A.R.E.S.,2.89
A-Train 8,0.10
A Walk in the Dark,1.25
A Virus Named TOM,1.96
A Valley Without Wind 2,0.30
A Valley Without Wind,1.12
A Story About My Uncle,3.40
A New Beginning - Final Cut,7.27
A Golden Wake,1.20
A Game of Thrones - Genesis,6.09
A Bird Story,1.66
99 Spirits,3.90
99 Levels To Hell,1.38
9.03m,0.30
9 Clues The Secret of Serpent Creek,2.80
9 Clues 2 The Ward,5.10
8BitMMO,0.46
8BitBoy,3.40
7 Days to Die,41.59
60 Seconds!,1.86
500 Years Act 1,3.00
404Sight,0.53
4 Elements,14.85
3DMark Vantage,21.00
3DMark 11,3.00
3DMark,13.38
3D Mini Golf,1.00
3089 -- Futuristic Action RPG,0.30
3 Stars of Destiny,4.70
1Quest,2.70
1953 NATO vs Warsaw Pact,5.90
18 Wheels of Steel American Long Haul,5.80
1701 A.D. Sunken Dragon,0.60
16bit Trader,4.45
15 Days,0.50
140,1.26
12 Labours of Hercules III Girl Power,6.53
12 Labours of Hercules II The Cretan Bull,4.29
12 Labours of Hercules,4.96
10000000,3.60
1000 Amps,0.10
100% Orange Juice,8.70
10 Second Ninja,2.95
1... 2... 3... KICK IT! (Drop That Beat Like an Ugly Baby),4.00
0RBITALIS,0.40
007 Legends,0.70
